Ticker,Day,Ticker Index,Price,Log Return,Rolling Mean Return,Rolling Volatility,Rolling Sharpe,Rolling Skewness,Rolling Excess Kurtosis,Rolling Beta,Market Correlation,Momentum,Relative Strength,Cumulative Log Return,Drawdown,Strongest Correlated Ticker,Strongest Correlation,Weakest Correlated Ticker,Weakest Correlation,Market Mean Return,Market Median Return,Market Volatility,Market Skewness,Market Excess Kurtosis,Market Breadth,Market IQR,Market Tail Spread,Market Mean Absolute Return,Average Pairwise Correlation,PC1 Explained Variance,Effective Dimension
ALGO,60,0,98.06,0.005829727581907029,-0.0003265108294167411,0.00890305336411524,-0.03667402811857556,-0.09624615592058025,0.828432636341371,1.015521076880619,0.9990327638101912,-0.019590649765004464,0.008537041818200593,-0.01959064976500415,-0.055298651252408404,ILVX,0.6756669929170442,FARS,0.0394823073600992,0.006362577793149901,0.007643001583906184,0.016993201137226084,-0.4470511444022015,1.2306641135759282,0.7058823529411765,0.01936653570992486,0.050792129708474576,0.014303678772866235,0.16284881923788846,0.19866435305886312,15.524388025363294
ALGO,61,0,98.87,0.008226319685954664,6.418059545718613e-05,0.00875167554754773,0.007333520890770443,-0.13726890015475485,0.9844727314315294,1.0135372675116774,0.9989676171128976,0.0038508357274311678,0.008025758995726454,-0.011364330079049759,-0.04749518304431588,IHOZ,0.6665582487647587,FARS,0.004052523948165764,0.008559294994385635,0.006823054188504152,0.0188277611997557,0.40508770946779404,-0.39415604537644855,0.6666666666666666,0.024864044688299503,0.062379457654978765,0.015718180199676877,0.15895605174071287,0.19448229251593435,15.890274313834995
ALGO,62,0,97.69,-0.01200665624419095,-2.386798007478023e-05,0.008847178740330097,-0.002697806925271829,-0.13859701760724868,0.8604029432819496,1.0134123197549176,0.9989919504907783,-0.0014320788044868138,0.007688688186453961,-0.023370986323240202,-0.05886319845857413,ILVX,0.6706497573993537,FARS,-0.011441317954040154,-0.011893380216273416,-0.011416833919905223,0.021241729703923087,-0.6926866125372403,2.1788576533328925,0.23529411764705882,0.020037149500961693,0.0638595868362557,0.017930506610694674,0.16159031745101762,0.19762253216470874,15.583228136225875
ALGO,63,0,96.51,-0.012152569745806474,-0.00025874849270595134,0.008980222337522598,-0.028813149940041808,-0.09471771561485856,0.6747064734789512,1.009669683650162,0.9990162419820104,-0.015524909562357081,0.007770633718769487,-0.03552355606904663,-0.07023121387283227,ILVX,0.6714880469251401,FARS,-0.014808170439601993,-0.012364180875368638,-0.008975072994736877,0.02583356312954278,-0.355744629591267,-0.7926689409807706,0.37254901960784315,0.042838290369706655,0.07965874677710105,0.02233813806654005,0.163564517279171,0.1991702419949884,15.295950751624899
ALGO,64,0,97.38,0.008974220835510138,-0.00029685448817085757,0.0089352518932449,-0.033222844942433154,-0.10114370813134362,0.7200582960553454,1.0105424373237952,0.9990098583409392,-0.017811269290251452,0.008104249124982477,-0.026549335233536524,-0.06184971098265901,ILVX,0.6638007886094516,FARS,-0.028128417811309803,0.008596315517029619,0.009367042352369293,0.019384888015200646,-0.2934270865127838,-0.42633339943384385,0.6274509803921569,0.028192619466746782,0.060224105238958936,0.017195271897145568,0.16170447782434505,0.1970213076660428,15.472550717740907
ALGO,65,0,98.17,0.008079818949875417,-8.129271273656553e-05,0.00897935386291297,-0.009053292027205348,-0.15765121937943558,0.6697529409778973,1.0099320578279587,0.9990158953893931,-0.004877562764193932,0.00836386604148339,-0.018469516283661322,-0.05423892100192673,ILVX,0.6502567033422104,FARS,-0.030201593827223778,0.007614250781106092,0.0007916089865194209,0.025859920845257917,0.7728699246856974,-0.0538785915331057,0.5098039215686274,0.03235505203435185,0.0818812108607021,0.020639436958178926,0.1612024962819174,0.19620388976016695,15.53979560235814
ALGO,66,0,97.81,-0.0036738484020286677,-0.0003523810725351092,0.008834636751925373,-0.03988631139342692,-0.12319710686020359,0.8254741316103376,1.010685374276818,0.9989506549355774,-0.02114286435210655,0.00749543242412426,-0.022143364685689858,-0.057707129094412335,ILVX,0.6262834440983011,FARS,-0.0036324445151994338,-0.003209438828817293,0.0,0.02705042593590916,-2.2685372538058126,9.430673159382367,0.49019607843137253,0.023102971167519915,0.07117109738031657,0.01752761271870552,0.15671162316378198,0.19262889596201896,15.722622212955233
ALGO,67,0,98.92,0.011284621350814206,-0.00015762937365411864,0.00896144226829868,-0.01758973264959106,-0.14710271486343354,0.6686065576034399,1.0093156166249484,0.9989820314253645,-0.009457762419247118,0.007558906038748245,-0.010858743334875945,-0.04701348747591516,ILVX,0.631036876383536,FARS,-0.026438667260221392,0.010955415032482652,0.011776387323825244,0.019927777035695204,-0.35617156099329905,-0.2019374090865882,0.7450980392156863,0.023216192421453785,0.06561615914043739,0.01904314172320443,0.16127024190568523,0.19748785192347967,15.390928987483909
ALGO,68,0,98.37,-0.0055755631285494545,-9.124110378471902e-05,0.00890519353482375,-0.01024583052888416,-0.15636328070194563,0.7501127915731165,1.009772599965783,0.9989709018175741,-0.005474466227083141,0.007378340155054369,-0.016434306463424773,-0.05231213872832363,ILVX,0.6341849575847786,FARS,-0.02307601559270433,-0.005545850822887867,-0.003973515161860508,0.021386428041650137,-0.4288320515589505,1.029798251708721,0.43137254901960786,0.02703953183919472,0.06257213825172991,0.016564221058336707,0.15955324313610675,0.19629494022803187,15.412183310382318
ALGO,69,0,98.75,0.0038555242565649905,-3.7089502122814956e-05,0.008919375322355871,-0.004158307143982648,-0.172949877574336,0.7302800015777948,1.010815311011424,0.998927580676832,-0.0022253701273688975,0.007963776864270062,-0.012578782206860073,-0.048651252408477785,ILVX,0.6475164376324893,FARS,-0.02541762205265205,0.003010743626909536,0.0022509857563188795,0.02192743250033071,-0.04679446710920019,1.4540520992324701,0.5882352941176471,0.01826470362032051,0.07252799189574644,0.015421552743842987,0.15923598645490317,0.19598825308011472,15.414672441931941
ALGO,70,0,99.32,0.005755556858734856,-0.00015034681486021385,0.008799157648372522,-0.017086500875231135,-0.18652217022152456,0.8607630121079386,1.0104317493378476,0.9989152622277505,-0.00902080889161283,0.007084480530615944,-0.006823225348125537,-0.04315992292870907,ILVX,0.687743249685626,FARS,-0.008078947232902964,0.005852393816201474,0.00653419150320067,0.020221780845087564,0.05605791969118897,-0.5507088202634054,0.5882352941176471,0.02663872597755579,0.06320567492667739,0.017069147097878712,0.15803575802730538,0.1949683990503626,15.577594093583002
ALGO,71,0,100.15,0.008322101471860854,-0.0003017942252530492,0.008566947498725004,-0.03522774305526728,-0.28125370069899075,0.9780321529415632,1.0093236680514936,0.9988514915276792,-0.018107653515182953,0.006843691836587243,0.0014988761237359487,-0.035163776493256194,ILVX,0.6679499537820426,FARS,0.03755828518486886,0.008301255674933186,0.006636008511432312,0.020520362015133343,0.3280859327139907,-0.17534713407231495,0.5882352941176471,0.025816339032245672,0.0713404543540952,0.01717133148772702,0.15187946540985878,0.18971402078817629,16.00012317659714
ALGO,72,0,100.35,0.0019950131305197516,-0.00019155400923322278,0.008552992546829011,-0.02239613891680996,-0.320040411850506,1.0205302750802225,1.0094795908571639,0.998898329496474,-0.011493240553993367,0.00632495613259014,0.003493889254255617,-0.033236994219653204,ILVX,0.6581990200399067,FARS,0.028558914166780826,0.0018041893202592207,0.0019950131305197516,0.020055129053573914,-0.12634786959070854,0.5062332063572166,0.5294117647058824,0.02284640969791618,0.06036808912295655,0.015276890741149143,0.15116100432308835,0.1887717626016921,16.02232194583072
ALGO,73,0,99.5,-0.008506431077799803,-0.0004543858459727416,0.008562315974522118,-0.05306810065463648,-0.2513311524623662,0.9689750198321176,1.0082969505467063,0.9989187999684388,-0.027263150758364496,0.005815239890133828,-0.005012541823544286,-0.041425818882466214,ILVX,0.6523752079682529,FARS,0.0252917313752518,-0.008592107406135783,-0.006314860858674276,0.02344382725096289,-0.5854115598287333,1.5253820319600164,0.37254901960784315,0.023078175285641267,0.06474515130686043,0.01799828257267301,0.15129487597798597,0.18873417248091365,16.025453862745053
ALGO,74,0,98.82,-0.006857630746942789,-0.0005098964428098244,0.008593314083241968,-0.05933641408547907,-0.23502604514552317,0.9084389198029208,1.0074037816490935,0.9989436228158005,-0.030593786568589465,0.00673490100662294,-0.011870172570487445,-0.04797687861271682,ILVX,0.6870719794297405,FARS,0.00780505836219663,-0.0072919817462869995,-0.004161855718279206,0.020992443605727402,-0.6084861909134466,0.9958681678682062,0.35294117647058826,0.020103599599163413,0.06628625555387102,0.015854468596275647,0.15286122471811572,0.19053368922206979,15.865806546884466
ALGO,75,0,98.45,-0.00375120833246978,-0.0006214170089830606,0.00859120135170189,-0.0723317943025465,-0.19698895511521464,0.9002681370864112,1.0076471360034764,0.9989427783092484,-0.03728502053898364,0.0064031313111879914,-0.01562138090295678,-0.051541425818882436,ILVX,0.6672227803069222,FARS,0.004270396881846701,-0.0036912208068759053,-0.005424968096864546,0.020681051875197733,-0.19366245896354473,-0.2768422520774596,0.43137254901960786,0.02727733564676038,0.0641432774771784,0.016910345945553785,0.15215365024579083,0.18961820636579924,16.020048146699686
ALGO,76,0,98.98,0.005369004438605884,-0.0006035413022313769,0.008602715516934723,-0.07015706854926057,-0.20000320289750315,0.8827386609254027,1.0075087247477454,0.9989454371892657,-0.03621247813388262,0.00641278311907667,-0.010252376464351353,-0.04643545279383421,ILVX,0.6764600550170784,FARS,0.022710643786431263,0.005528703843942748,0.005576222627436067,0.01691806379045141,0.24204047521350058,-0.10822598215289236,0.5882352941176471,0.021593909546453682,0.056569897548957915,0.014222698213811696,0.15275534323979517,0.1891044624783204,16.022678793805696
ALGO,77,0,99.47,0.004938281640582076,-0.0005163640262057771,0.008632374139301055,-0.05981715086408268,-0.22465289263255858,0.8397030264790728,1.0086017830259806,0.9989527296797303,-0.030981841572346625,0.00646363580301193,-0.005314094823768765,-0.04171483622350669,ILVX,0.6472157425285786,FARS,0.016887476535678906,0.004739246845416518,0.003738987708545416,0.02408458127170424,0.4537723009304535,0.0373493684554016,0.5294117647058824,0.03003811397458045,0.07534526592915602,0.019277231844710647,0.15155349566000426,0.18793205104906102,16.158491742915036
ALGO,78,0,98.86,-0.006151383285509127,-0.0005700827513127985,0.00865762931149077,-0.0658474428509154,-0.2078916405492252,0.7907276229799418,1.0077221032635915,0.9989167687214435,-0.03420496507876791,0.005713264100662571,-0.011465478109278096,-0.04759152215799611,ILVX,0.6497582118797554,FARS,0.02652530214219883,-0.0055775285052661735,-0.006151383285509127,0.024130912894541157,0.45240872423330214,0.3494719107021731,0.37254901960784315,0.030353379165563688,0.07633226994533993,0.019374147488594857,0.15240622533403367,0.18914295906083237,16.103186117438597
ALGO,79,0,97.67,-0.012110258419427034,-0.0007311406632744581,0.008782123060319549,-0.08325329288290052,-0.18186678215244598,0.6108899631583489,1.0060985281977843,0.9989426138617283,-0.043868439796467484,0.006168351101183064,-0.02357573652870569,-0.05905587668593448,ILVX,0.6695088529260017,FARS,0.037548503052685096,-0.012398446444759157,-0.014845422369546668,0.021329160692959894,-0.2195780915184206,0.654532238959745,0.23529411764705882,0.021645093244918368,0.06616882889540121,0.01960862560548619,0.15651369161705625,0.19256824993313063,15.840152515227679
ALGO,80,0,98.41,0.00754797545150776,-0.000541524785131046,0.008836754295898232,-0.061280959840923306,-0.22994289934426645,0.5507663249333783,1.0032097684833756,0.9989593126170495,-0.03249148710786276,0.0061167980116739185,-0.01602776107719725,-0.051926782273603145,ILVX,0.6582858102051831,FARS,0.03250945931400807,0.007350503497747571,0.005525679320663279,0.019214562013824894,0.500752941891882,0.14064760177088287,0.6274509803921569,0.021711505810407594,0.06808652563093376,0.015115002937200559,0.15796794606872555,0.19378027033432677,15.82075511102315
ALGO,81,0,98.98,0.005775384612846324,-0.00031028821326632244,0.008817151939010993,-0.03519143317622436,-0.29540122863509694,0.6072755984598475,1.0037202985890206,0.9989522174600042,-0.018617292795979345,0.006340777747229635,-0.010252376464351353,-0.04643545279383421,ILVX,0.667465522324005,FARS,0.03483616668719975,0.005405524814931242,0.010781157299327049,0.027074817812764017,-1.4449342173539195,3.142986983323981,0.6666666666666666,0.031022937981662446,0.07620404268211889,0.021289347144358085,0.15769214677902466,0.19428063274327353,15.681057451425474
ALGO,82,0,99.04,0.000605999412545799,-0.0003875563409670324,0.008787935123622853,-0.04410095608526307,-0.27547190959829815,0.643739766937752,1.003838006774036,0.9989589680528039,-0.023253380458021944,0.006600724977360899,-0.009646377051805337,-0.045857418111753256,ILVX,0.6616905347997364,FARS,0.03527167016758381,0.0005241217767538611,-0.0008717129710795746,0.020344423549280895,-0.22397180859402277,1.272543568838989,0.47058823529411764,0.023215728467664176,0.06296947579784828,0.01502879469706444,0.15681365768021308,0.19339936888739892,15.67660184853823
ALGO,83,0,97.48,-0.015876580179280175,-0.000776654713883366,0.008949515550735728,-0.08678176036238278,-0.22856362606918898,0.47858306094082126,0.9966205465391937,0.9989388298747274,-0.046599282833001965,0.007676282817564384,-0.025522957231085892,-0.06088631984585735,ILVX,0.6675282697057067,FARS,0.008578146421186357,-0.0166935932468526,-0.018309804594066392,0.021097064927501418,-0.036275933427451175,0.633852536922145,0.21568627450980393,0.021308924735189638,0.06300456177187064,0.022748533860974626,0.1624633407149503,0.19980227966199804,15.1957094152599
ALGO,84,0,98.04,0.005728329902906282,-0.0006501474375330662,0.0089874792948241,-0.07233924176131197,-0.26268737257826824,0.4371706098638617,0.9976578245338416,0.998944278927879,-0.039008846251983975,0.007866908010934662,-0.019794627328179493,-0.05549132947976865,ILVX,0.6749396393719054,FARS,-0.0020206499875943793,0.005335547268969891,0.00595062749675046,0.019832390102533324,0.37396933058106724,0.07862394193880107,0.6274509803921569,0.026096323532092347,0.06115912959085579,0.016308188506401814,0.16271539723720643,0.20033941495276436,15.152579673737788
ALGO,85,0,97.54,-0.005113008378005546,-0.0005842661126333285,0.008939101194906773,-0.06536072250375972,-0.2773994684394227,0.5104657533063603,0.9912848057812216,0.9987707826992,-0.03505596675799971,0.009073598555123151,-0.02490763570618478,-0.0603082851637764,ILVX,0.6749526439742914,FARS,0.014363544983875072,-0.006437062636729232,-0.005113008378005546,0.023029300132740155,-0.14001841285140829,0.12540550079457535,0.3333333333333333,0.022915403238331633,0.0766016687379314,0.0179248991475881,0.16150327424832076,0.19868482283991368,15.272798147593157
ALGO,86,0,96.99,-0.005654669876455465,-0.0007427304203075617,0.008943377072438554,-0.08304809405794678,-0.2273440248200149,0.4849258250643871,0.9880112927805687,0.9986918945858946,-0.0445638252184537,0.010502115943147455,-0.03056230558263998,-0.06560693641618498,ILVX,0.6821859261856872,FARS,0.0024240632083343374,-0.006776253459398905,-0.0027229424584556128,0.022210515337156112,0.28833277191697354,1.077082789848756,0.37254901960784315,0.029185463625590602,0.0625005782485879,0.016625032356684322,0.16126574284621767,0.19849290621587257,15.265737327143365
ALGO,87,0,98.05,0.010869672236903938,-0.0005237259370239223,0.009065385233270523,-0.05777205530128116,-0.25633925043663564,0.36582903492769114,0.988188078838346,0.9987223156181817,-0.031423556221435334,0.010551403016041315,-0.019692633345736156,-0.05539499036608864,ILVX,0.6956509552156097,FARS,0.026210450084219135,0.011107491066315372,0.013545878001685274,0.018078909893226632,-1.2267103154539083,2.9321804796455915,0.7647058823529411,0.01773353114012144,0.056453112075947054,0.017228531445385137,0.1673827872143612,0.2040345418899352,14.844157071065665
ALGO,88,0,98.38,0.0033599787248386193,-0.0006006206315872121,0.009011493768034685,-0.06665050734626445,-0.24778066355494008,0.4271800563450405,0.9878348088122344,0.998718490737461,-0.03603723789523272,0.009921737993584472,-0.01633265462089761,-0.05221579961464351,ILVX,0.6895092774027045,FARS,0.0412732570867932,0.0033753184094199953,0.007722046093910251,0.019118665130919393,-0.9448818512047477,0.8201074152729788,0.6470588235294118,0.02187122053080892,0.06514016416671753,0.015681880310574013,0.16677080855057533,0.2039165426095449,14.907811893492184
ALGO,89,0,98.69,0.003146092816722401,-0.0005154707213388695,0.009022534122212014,-0.05713147928915716,-0.2748458708352486,0.4207205029953647,0.9864975328353716,0.9987402421772332,-0.03092824328033217,0.009529692226991994,-0.013186561804175559,-0.04922928709055874,ILVX,0.6997210188898058,FARS,0.04008659861635569,0.0029640765532578084,0.005982923829593645,0.027740172759594523,-1.0101301380971321,2.478123000819936,0.6078431372549019,0.026984575183968795,0.08409298856929381,0.020518457671216586,0.1665071730533054,0.20473128933288487,14.815832314261685
ALGO,90,0,99.84,0.01158528043720164,-0.00035999946456105234,0.009150578823321605,-0.039341715044685525,-0.2761428082953806,0.2999237337026619,0.9874190472608719,0.9987695264221025,-0.02159996787366314,0.008923962899414037,-0.001601281366973768,-0.038150289017340966,ILVX,0.69988927399497,FARS,0.05116399565496831,0.011737768316971669,0.00870870519894762,0.019119372709770818,0.7483013816683647,0.9409007718009867,0.7450980392156863,0.02032529511471992,0.0570226872085462,0.016708655291194488,0.17056712003479707,0.20828551419269922,14.580320809349796
ALGO,91,0,98.58,-0.012700503343886282,-0.0007956093466182868,0.009104685960787774,-0.08738460063804854,-0.23640240395328668,0.27096716566250834,0.9935749370950056,0.9987380354218629,-0.047736560797097205,0.008264634587467831,-0.014301784710859645,-0.05028901734104041,ILVX,0.6987765304514838,FARS,0.04978149308490132,-0.012343003297183365,-0.009327182875138895,0.01757907778289921,-1.025027261538975,3.3923240595449533,0.17647058823529413,0.017322045274141606,0.046687276540263056,0.015956485265182428,0.17061946735447675,0.20974062189942472,14.476056453712408
ALGO,92,0,99.88,0.0131010641343412,-0.0006416084220035885,0.009261578686074816,-0.06927635598111093,-0.21919707853317585,0.1520799047057384,0.9960044251712314,0.9987346232154584,-0.03849650532021531,0.008865827506377127,-0.001200720576518988,-0.03776493256262048,ILVX,0.69032470106177,FARS,0.09882389195673462,0.01217587360126699,0.01119700542561386,0.02865506636963774,0.3765239908758235,2.0083541562219036,0.7254901960784313,0.023781010362128985,0.09182243045692062,0.02269176478383085,0.17365218424195997,0.210862564102103,14.33666219118661
ALGO,93,0,100.59,0.007083383734673987,-0.0003427417809448811,0.009215836402873764,-0.03719052356853951,-0.28900913554267277,0.23246722037359024,0.9933281789149686,0.9988250397632006,-0.020564506856692866,0.009519115767869533,0.005882663158155512,-0.030924855491329395,ILVX,0.7015554517890797,FARS,0.11217321267761349,0.007536061210507752,0.007083383734673987,0.02109429308312723,1.1124743942829705,2.84936861322241,0.6862745098039216,0.025345909227193042,0.06077219815077406,0.016334087742362988,0.17354737660384514,0.21059846035009408,14.384769848200824
ALGO,94,0,99.89,-0.006983268602188453,-0.0005804245807609003,0.00919985508520795,-0.06309062212231363,-0.22687923259978726,0.22282745610721477,0.9962793395440226,0.998734482001062,-0.034825474845654014,0.008601369295896381,-0.0011006054440330039,-0.037668593448940246,ILVX,0.6586172680050658,FARS,0.11790802463199773,-0.006176491073482422,-0.005682909781893564,0.01973084611079751,-0.5764785102961829,0.2268782014837325,0.39215686274509803,0.024891733739656363,0.06328694755557618,0.01583596344753988,0.17170816082575896,0.20769032219800182,14.510031361870674
ALGO,95,0,99.6,-0.002907415953505854,-0.00032643418934762044,0.008912539226629646,-0.03662639580561648,-0.20406424184717017,0.4168404469526643,0.9931347180012051,0.9985903339959978,-0.019586051360857226,0.009846183936557302,-0.004008021397538822,-0.040462427745664775,ILVX,0.6378031760851945,FARS,0.10737765659646194,-0.003880795999235337,-0.00822204015201633,0.021437724525351188,1.0455756545630313,1.5867821205034094,0.35294117647058826,0.025230628715924075,0.06399380218110617,0.017346141545280108,0.16189370786128443,0.2007153092680261,14.974721894672777
ALGO,96,0,98.94,-0.006648558790989689,-0.00034839827733463836,0.008926693425423767,-0.03902881624033137,-0.19859857852844234,0.3949517069124915,0.9946612753430392,0.9985416063662781,-0.0209038966400783,0.008946945329200068,-0.010656580188528888,-0.04682080924855492,ILVX,0.6382891016037554,FARS,0.08579498171704368,-0.0060562150378862,-0.006648558790989689,0.016737985435469487,0.09559453810034386,-1.089048840481144,0.35294117647058826,0.029136825004335565,0.04965152301857256,0.015121095005037393,0.16235372413363136,0.20245309311152213,14.85082393311542
ALGO,97,0,98.01,-0.009444091518473918,-0.000620878842076141,0.008951029030923515,-0.06936396250432922,-0.1302070645566531,0.34525532493924604,0.9946269605821025,0.9986016656306218,-0.037252730524568456,0.008024486880364348,-0.020100671707002797,-0.055780346820809124,ILVX,0.6289256256813878,FARS,0.08893192756742634,-0.009406309582455884,-0.004580860048966073,0.017790677034099322,-0.5705213856836009,0.6393097520056883,0.29411764705882354,0.023207904927539103,0.056381015890223374,0.014897089097299733,0.1641786919761347,0.20430780797354023,14.728232360527088
ALGO,98,0,98.39,0.003869658596585168,-0.0006021945802792288,0.008959347826682054,-0.06721410887585125,-0.13504179255304674,0.3342447472938104,0.9932663719008225,0.9985991313385268,-0.03613167481675372,0.007939330230601456,-0.01623101311041727,-0.05211946050096339,ILVX,0.6355352939221217,FARS,0.09620921002953653,0.004034990361705996,0.004040409537005019,0.024614258855844846,-0.5749215952013496,1.0634045822833649,0.6274509803921569,0.025578740512249842,0.07214603706181144,0.01862156753257392,0.16401297940701876,0.2041373829863173,14.792498235113959
ALGO,99,0,98.57,0.0018277827996735496,-0.0005210057896194442,0.008958921316404937,-0.058154968798019874,-0.16248168473853283,0.3406657120477501,0.9913656985808534,0.9985738398553771,-0.03126034737716665,0.007436433697084174,-0.014403230310743855,-0.05038535645472064,ILVX,0.6453590513043813,FARS,0.08736977331777399,0.002178680293068475,0.0018277827996735496,0.019878562475001492,-0.34161440273012206,1.7652249735092882,0.5686274509803921,0.022071711285456708,0.05584462043802674,0.015027367638945183,0.16401724320757216,0.20467196235853305,14.778943658586105
ALGO,100,0,98.14,-0.00437192501559025,-0.0007016830104971857,0.008924816685464796,-0.07862155999685305,-0.11134667468613527,0.37568274287715386,0.993458304535453,0.9984953284872736,-0.04210098062983114,0.006667195166698753,-0.01877515532633398,-0.05452793834296721,ILVX,0.652416264543849,FARS,0.09385513417227113,-0.003679711841248505,-0.00437192501559025,0.021786177755596926,-2.186269887261386,9.774910937467777,0.39215686274509803,0.02631016441318823,0.049881478808800894,0.015391398673919495,0.16272686630671557,0.20287617463005145,14.90380642015527
ALGO,101,0,97.92,-0.002244211897741266,-0.0005886111987483271,0.00886027592282283,-0.06643260366555258,-0.13894395698129358,0.47168681261430523,0.9933832430865368,0.9984743456345037,-0.03531667192489962,0.007089925125755216,-0.021019367224075346,-0.05664739884393055,ELLT,0.6450736942557097,FARS,0.1290884258932745,-0.002540024743344776,-0.000935391262162355,0.02226965084110928,-0.8299910434339145,1.5760956325960382,0.49019607843137253,0.020507459385828763,0.07009996718515277,0.016214892785431978,0.16170409233565025,0.20189663542431724,15.050588577932837
ALGO,102,0,98.64,0.0073260400920727164,-0.0005075351824492962,0.008910771553649218,-0.05695749008866083,-0.15325008937352888,0.406930573316969,0.9950594363006724,0.998481036996363,-0.030452110946957767,0.007530033800300817,-0.013693327132002454,-0.04971098265895946,ELLT,0.6552456742090268,FARS,0.1448155108728969,0.006847595528144675,0.008312215949795032,0.01894838170634251,-0.5834903124194167,0.9153920096851396,0.6862745098039216,0.025391713908278213,0.05179461923121487,0.016377169208223706,0.16262315324223958,0.20183207555087102,15.079854105330847
ALGO,103,0,97.87,-0.007836791418360356,-0.0008142235699875636,0.008839619438289812,-0.09211070404916552,-0.09371270742271445,0.46389724063531057,0.9930051766631992,0.9984482487310238,-0.04885341419925382,0.0075644796671975115,-0.021530118550363214,-0.05712909441233138,ELLT,0.6601565553029435,EORC,0.13190700045366335,-0.008384718359803903,-0.008335862499321056,0.022025120026807402,0.11781664885143522,0.8759704585520436,0.29411764705882354,0.022415866875995505,0.07000716749488123,0.018162465593009564,0.16002220605612005,0.19902870566951714,15.308311607206988
ALGO,104,0,97.3,-0.005841078245769182,-0.0009131965395354028,0.008862455652096535,-0.10304102783514338,-0.06154910003904518,0.4248716211413983,0.9911904670700971,0.9983977188558599,-0.05479179237212417,0.007980447879563535,-0.027371196796132015,-0.06262042389210021,ELLT,0.6315844250476816,EORC,0.14939492969686105,-0.006805956679869757,-0.00808530681693398,0.017057767788926235,0.17337976784850995,-0.3021023530342033,0.3333333333333333,0.019901222859707524,0.06092473655019681,0.01471951410722336,0.1621110768674956,0.2008422517733361,15.285149784314088
ALGO,105,0,98.64,0.013677869664129538,-0.0006771221395347322,0.009060453693804298,-0.07473380058194663,-0.06525489260929589,0.25070777127854305,0.986289277689944,0.9984228359289815,-0.04062732837208394,0.007562085294114285,-0.013693327132002454,-0.04971098265895946,ELLT,0.6510680803814488,HRND,0.16088337127719446,0.014263106371322058,0.00881686697544204,0.026212958097062023,1.158842146969778,3.9449036044514374,0.7254901960784313,0.02724377958988855,0.07700820331629177,0.020692628253557704,0.16889897408715354,0.2088741530379448,14.718737426723235
ALGO,106,0,98.99,0.003541976075627673,-0.000417332725835425,0.008951783572737198,-0.046620064308348405,-0.12000461052644,0.38073967089623917,0.9872503893664736,0.9983824006037554,-0.0250399635501255,0.007636829482424792,-0.010151351056375355,-0.0463391136801542,ITPA,0.6572203807742386,FARS,0.15377412363530532,0.0032728464767285393,0.001141943712081428,0.021342427618249442,0.8883052216020458,2.103615853480237,0.5490196078431373,0.02517158404245734,0.06123924024237004,0.015152457957843465,0.16572277979323302,0.20600467805698575,14.876451895734204
ALGO,107,0,99.47,0.004837256232606002,-0.00020482847600324187,0.008922118327314302,-0.022957381698937684,-0.1811583794904221,0.4356612637972548,0.9867907402145747,0.9983787276521431,-0.012289708560194512,0.007248992634887021,-0.005314094823768765,-0.04171483622350669,ITPA,0.6795268003596919,FARS,0.14982457358757043,0.004819124517825935,0.004837256232606002,0.017144111945762312,0.1625443281077228,-0.420729746398409,0.5882352941176471,0.022965348770240146,0.05500237487348514,0.014101047178832702,0.16450984985159203,0.20480775267509432,14.967666608230706
ALGO,108,0,97.65,-0.018466433841633823,-7.832734754352385e-05,0.008597264650787246,-0.009110728903332232,0.06052683684533357,-0.14680716063573485,0.9919106280527299,0.9982330157940349,-0.004699640852611431,0.00707904610205265,-0.02378052866540339,-0.059248554913294726,ITPA,0.6910357874023487,HRND,0.06600166340988468,-0.017967800918901183,-0.020396627907646625,0.021570375886564082,0.6795567602618588,0.08159367498924297,0.17647058823529413,0.02966827183965881,0.063431610470432,0.02392833000998681,0.1551744894426515,0.1988187006488192,15.415819270124395
ALGO,109,0,95.72,-0.01996239428251556,-0.00026943591962806933,0.00890933065055999,-0.03024199350050322,-0.059163055179159874,-0.10504152662573807,0.9981301381106705,0.9983196808265669,-0.01616615517768416,0.006571054398445488,-0.04374292294791886,-0.07784200385356455,ITPA,0.6962298616722035,HRND,0.129183933826454,-0.0194839519892152,-0.015788926963492322,0.02618088759421509,-0.9100584599536784,1.6037720760132252,0.19607843137254902,0.02934688975665245,0.07744318777377934,0.02429227427564897,0.1618297563465893,0.2022200214975808,15.092205678659276
ALGO,110,0,94.8,-0.00965785377919648,-0.00020096355321220412,0.008819174738983644,-0.02278711547962411,-0.04339874159160061,-0.056030384615679996,0.9997018834606981,0.9982817225669177,-0.012057813192732247,0.006548882256561337,-0.053400776727115296,-0.08670520231213874,ITPA,0.7196470908951044,HRND,0.13089458903739953,-0.009203562012485681,-0.008504720062156856,0.018815914455171428,-0.1570410799384264,-0.0033249274738782475,0.29411764705882354,0.02485286559508415,0.05822249890887199,0.01673195366567067,0.15937256841491323,0.20034041569070463,15.199459800203057
ALGO,111,0,94.8,0.0,-0.00021485388981508832,0.008818174223619732,-0.024364895086739842,-0.038553069741988126,-0.05490196542071191,0.9987017688212084,0.9982734410378762,-0.012891233388905299,0.006169632061533103,-0.053400776727115296,-0.08670520231213874,ITPA,0.7336790372374279,HRND,0.13123588213987256,0.00017805353536990898,0.0023009674210867637,0.021830105487269127,-0.5856919870095019,0.9548487233498899,0.5098039215686274,0.024602734945038174,0.06403374907474912,0.01708356241590545,0.15908631008886254,0.20033015126385761,15.076576332895472
ALGO,112,0,95.14,0.003580081743159269,-0.000222735966222339,0.008814505359901248,-0.025269253024180406,-0.036417091707189674,-0.050262285942853424,0.9964043596217896,0.99816873107961,-0.01336415797334034,0.005230118864431241,-0.04982069498395592,-0.08342967244701349,ITPA,0.7311251425236749,HRND,0.14182490751064872,0.004453326627898402,0.0036045033122125147,0.02031222314241646,0.5642607433478971,1.2893779254650601,0.6078431372549019,0.02577662507702394,0.06186430119018049,0.015511756602755193,0.15912957581299517,0.20016173797356845,15.1041086861376
ALGO,113,0,97.33,0.022757775434266492,0.00038104815366727014,0.009126971259148303,0.041749682654619015,0.0950701058082133,0.160293324253042,1.0038328187580963,0.9982917129142556,0.02286288922003621,0.005669687825201157,-0.027062919549689184,-0.06233140655105973,ITPA,0.7232685273717178,HRND,0.12464803779257169,0.022439800254259814,0.01625464720840597,0.022348169305877144,0.8455718031888406,0.10535528805647187,0.8823529411764706,0.029006630222305763,0.06965501090844439,0.0236224873990237,0.16818781714832917,0.20609636153069325,14.66927155394912
ALGO,114,0,99.33,0.02034037378886211,0.0006972940809091573,0.009483437185376128,0.07352756888445626,0.1446575792410661,0.028824059052366735,1.0005403800866652,0.9985798859149397,0.04183764485454944,0.003912834671892955,-0.006722545760826811,-0.04306358381502884,ITPA,0.7151531830703541,HRND,0.1441856875254487,0.020649547681763983,0.021175654630859242,0.01899885274488358,0.055763987725233354,0.5048150094388228,0.8431372549019608,0.022585306704577146,0.05536830635344936,0.023660673134494017,0.18203361256949965,0.22002627620026485,13.661221597521818
ALGO,115,0,99.44,0.0011068069751916099,0.00030957500025969865,0.00896031994890175,0.03454954756360488,-0.017450117131501547,-0.08884834408394582,1.0035324848276803,0.9983511054620209,0.01857450001558192,0.004531631610429795,-0.005615738785635745,-0.04200385356454717,ITPA,0.700572639678027,HRND,0.1158559781626956,0.0002784385135810161,-0.0028117430018506084,0.020919308660139486,0.09547111035820162,0.41632188553229144,0.45098039215686275,0.023761695120042337,0.06997316964710154,0.016126519583152775,0.1670658536552931,0.20525244309647214,14.748919597501208
ALGO,116,0,99.06,-0.003828720042363898,0.0001810049085394135,0.008963484506826531,0.02019358748280999,0.02424785744102368,-0.09268205524025097,1.0050860024289106,0.9983086526210366,0.01086029451236481,0.005139029035463133,-0.009444458827999689,-0.04566473988439301,ITPA,0.6994091065161824,HRND,0.10518066529166867,-0.004561676090949437,-0.0049440948268655305,0.021588084867536526,0.6802094374826898,1.1382212668708753,0.37254901960784315,0.028033215599441386,0.0662223926525134,0.01731955965762371,0.16770267957384727,0.20640661632116855,14.603018912044158
ALGO,117,0,99.76,0.007041574211688939,0.00038020607541255913,0.00898120672608251,0.04233351786774874,-0.0337308240284451,-0.1124260338757721,1.005677781542454,0.9983751252147062,0.022812364524753548,0.004114203063119083,-0.002402884616310315,-0.03892100192678216,ITPA,0.7027112227908555,HRND,0.10532839956939863,0.007194515796006635,0.008198011603603561,0.019036980517642712,-0.18898810812546876,-0.4124684491740034,0.6862745098039216,0.02135778236210295,0.06194416846671369,0.01684926214109312,0.16791485884009244,0.20713187943867703,14.548052417593121
ALGO,118,0,99.99,0.0023028796159767495,0.000360574785761214,0.00897560017862686,0.04017277714974787,-0.027556670007770335,-0.10532477297107334,1.0058810829615707,0.9983624014061112,0.021634487145672843,0.004341616724226626,-0.00010000500033345836,-0.036705202312138696,ITPA,0.7009415907888217,HRND,0.10552119198001433,0.0018968002814034226,-0.0019277114403326578,0.025880172814757414,0.7506514722282405,0.8908028424784216,0.4117647058823529,0.02884615905576937,0.08322268661705512,0.019355258419050055,0.1659326990961496,0.20518158866190783,14.61912423075752
ALGO,119,0,99.77,-0.0022026440623417187,0.0003852954714039273,0.008966304248883365,0.042971492011539845,-0.034996928319355476,-0.09293262187123075,1.0053096804807427,0.9983984864194004,0.02311772828423564,0.0053265885742128614,-0.002302649062675669,-0.03882466281310215,ITPA,0.7012975439249269,HRND,0.11642276306734875,-0.0025910976693011927,-0.0022026440623417187,0.022419224257913994,0.0705033895494384,-0.2941514898716071,0.43137254901960786,0.02991608298189674,0.06867119551802303,0.017852752849308633,0.16526373422933172,0.20425942342372985,14.636244383261518
ALGO,120,0,98.33,-0.014538368133351298,4.582720948295519e-05,0.009140561190222598,0.005013610054049556,0.0022637762845387575,-0.1979574852076076,1.0025702945596144,0.9984696494915136,0.0027496325689773116,0.006519728822823791,-0.016841017196026556,-0.05269749518304434,ITPA,0.7089670612007292,HRND,0.12623541562802137,-0.01519865817071936,-0.014137661443475835,0.017321078030917546,-0.5915016125262929,0.6081549285077514,0.21568627450980393,0.019572018326519558,0.049766976699509025,0.017565387691827892,0.1702829533631357,0.20855154534527212,14.319509844936823
ALGO,121,0,97.6,-0.007451675373017608,-0.00021547270816658267,0.00912682496490352,-0.023608725815950873,0.06880460009965207,-0.18067098460500075,1.0024194063518728,0.9984343177148194,-0.01292836248999496,0.006279899209218193,-0.024292692569044587,-0.05973025048169556,ITPA,0.7069512614135691,HRND,0.12993262158458332,-0.006878870450981038,-0.004477443558823069,0.02679307905719773,-1.6769256760192424,4.3146909963038125,0.45098039215686275,0.02484245620802361,0.08124077558808596,0.018407578235119137,0.16682109505969966,0.20575853897810198,14.55512511474569
ALGO,122,0,96.03,-0.016216850769165347,-0.000285642616916156,0.009234564550830944,-0.030931898883142607,0.03528598765320115,-0.19719545534463867,0.9993027704070374,0.998466583437106,-0.017138557014969358,0.006206685792431686,-0.04050954333820994,-0.07485549132947977,ITPA,0.7259177909800901,HRND,0.11320554422239759,-0.016030361324461298,-0.014778594096118702,0.021173260213459083,0.8498824541171831,3.946626941279739,0.11764705882352941,0.023861977478990992,0.05734753329049935,0.020634099424583156,0.17120593769882553,0.21137374181647536,14.169628559467386
ALGO,123,0,95.61,-0.004383225552526682,-0.00015615354702815942,0.009119093347591284,-0.017123801794331428,0.029620911350967425,-0.10050201239763101,1.001080078659796,0.9983813970067382,-0.009369212821689565,0.005412090283399864,-0.044892768890736685,-0.07890173410404622,ITPA,0.7132469029191266,HRND,0.06927977558874272,-0.003800241173057019,-0.004192878260036004,0.022967872148660865,-0.6676289680931439,1.7390789696709774,0.37254901960784315,0.02505211763977644,0.06851642560440974,0.01697167154461909,0.16869638050469243,0.20982686269398654,14.435796633284141
ALGO,124,0,97.0,0.014433561406027806,-6.516453751953163e-05,0.009238197464780162,-0.007053815180717435,0.05005930932225935,-0.15912850927937594,1.0068065759701343,0.9982263687694133,-0.0039098722511718975,0.006586674316071682,-0.030459207484708574,-0.06551059730250475,ITPA,0.7122579425980994,HRND,0.1011677860081202,0.012881072054875464,0.013225320508418292,0.02082151289900274,-0.3647504544546265,1.025498218305275,0.7450980392156863,0.02645440349056072,0.060295524000843814,0.019346512880465946,0.17141033116401388,0.21222639222361875,14.234982451120185
ALGO,125,0,97.53,0.005449044480540621,-0.00010901077867511155,0.009205068286152477,-0.011842473655420946,0.057006779226587,-0.12378552209014648,1.0075644038026434,0.9982234954327408,-0.006540646720506693,0.006127075666396337,-0.025010163004167647,-0.06040462427745663,ITPA,0.7188967922129265,HRND,0.12171722062285752,0.0054430749614466445,0.004171638946064871,0.019425336660029404,0.6197980994828537,1.074525924965716,0.5686274509803921,0.02334477541449953,0.060411310964238574,0.015032583561495744,0.171813434764681,0.21258337359840065,14.195246973793934
ALGO,126,0,98.65,0.011418209484700625,0.00014252351943704332,0.009311589476854858,0.015306035536822547,0.005466126211957185,-0.2221126966500746,1.005491780265822,0.998286564339825,0.0085514111662226,0.006430143471448822,-0.013591953519466972,-0.049614643545279336,ITPA,0.7266432386587826,HRND,0.1288870084302556,0.01157955125285951,0.009322101406492589,0.02316292452005594,-0.4637387606526921,1.4009278983161364,0.7058823529411765,0.028169955572729055,0.07224457828763886,0.01994114633080977,0.17719334040895757,0.21861454470521646,13.822206500804954
ALGO,127,0,99.14,0.004954760123803581,3.702583232019959e-05,0.00921860656027556,0.004016423965824704,0.012686495547176,-0.14072376351818905,1.0046387184491576,0.9982289606379526,0.0022215499392119753,0.005683811927384127,-0.008637193395663476,-0.04489402697495182,ITPA,0.716406783828049,HRND,0.16981421688179307,0.005371885349536718,0.0023752980289075687,0.016837155969799192,0.2485153045110294,-0.5422858168113351,0.5882352941176471,0.024113615553159606,0.05334431217074331,0.013655725479461315,0.17503862813852025,0.21528123059080273,14.036560718613309
ALGO,128,0,98.9,-0.002423753963761044,8.95559850666731e-05,0.00919503221183144,0.009739605365540704,-0.0012940783331806508,-0.11234701347030285,1.00441777097093,0.9982045407140472,0.005373359104000386,0.006221911902090272,-0.011060947359424835,-0.047206165703275405,ITPA,0.7179294760848319,HRND,0.16076428045809116,-0.0029321416328056014,-0.002423753963761044,0.019642046821335024,-0.0032107958402716103,-0.4133845225554271,0.43137254901960786,0.026047513119684007,0.06428843068800849,0.015753970079475047,0.17446550477772418,0.21484050213293227,14.092264016903368
ALGO,129,0,99.4,0.0050428750338618045,0.00010934516468828667,0.009204547311252333,0.011879472285901001,-0.006430702495954923,-0.12384814806663202,1.0049784745051042,0.9982604999390366,0.0065607098812972,0.005661548464099014,-0.00601807232556291,-0.042389210019267765,ITPA,0.7169557181805915,HRND,0.1578604750074991,0.00475845784219761,0.0010915045653434596,0.018681927943736885,0.5476770945549269,0.14468526836352202,0.5490196078431373,0.02163852520708165,0.06531274365126527,0.014167002460539639,0.17503634032859164,0.21503940896495033,14.063509491784666
ALGO,130,0,98.79,-0.006155728606145772,-8.917625972639046e-05,0.009209155888555046,-0.009683434704066301,0.05092880320023493,-0.12693821983244735,1.0043707174876912,0.9982620768954247,-0.005350575583583428,0.005654525159206008,-0.01217380093170865,-0.04826589595375719,ITPA,0.7118565192799011,HRND,0.15856456702421984,-0.006051868343786155,-0.006155728606145772,0.020807865543707324,-0.11145341340331257,-0.3191456881488808,0.43137254901960786,0.029778828053699247,0.06242079132120648,0.01750763121431473,0.17521115724570585,0.21507326742363636,14.037523804321374
ALGO,131,0,99.6,0.008165779534169637,-9.178162535457741e-05,0.009206757718376523,-0.009968941093277924,0.05111515973991893,-0.12466166379408516,1.0058831312239505,0.9982228535005687,-0.005506897521274645,0.006366388907094442,-0.004008021397538822,-0.040462427745664775,ITPA,0.7169771691206117,HRND,0.17108480587535824,0.007433069989353538,0.007775417142797281,0.02122701195968934,-0.06167515445285081,-0.5737012418382137,0.6078431372549019,0.029152876741914024,0.07163386259578397,0.01816259144751301,0.17500209651713824,0.21444882235335233,14.090712732181409
ALGO,132,0,100.63,0.0102882593546898,4.643914504825671e-05,0.009300394663505074,0.004993244558801875,0.027638464681666274,-0.2191784016252427,1.0037578476565,0.9982402140739742,0.0027863487028954026,0.005848820234332993,0.006280237957150456,-0.030539499036608908,ITPA,0.7226910634237071,HRND,0.14260227262518774,0.010615004217190716,0.0067414608445108826,0.022374093085669067,0.9545641576667288,0.9296569734815985,0.5882352941176471,0.02293671246271023,0.07562799940820542,0.017826785689658713,0.17714463595018742,0.21639211731028304,13.971504233106156
ALGO,133,0,101.28,0.006438534450624367,0.00029552190385532623,0.009267519252857384,0.031887919063584375,-0.03596269815311758,-0.18727069550772413,1.005487519930207,0.9982250366000829,0.017731314231319573,0.006030535902330589,0.012718772407774612,-0.024277456647398776,ITPA,0.7210623096145369,HRND,0.14254109264805923,0.0061711424542907865,0.006438534450624367,0.01917221734276594,-0.30510088492486953,2.5642583482602586,0.5686274509803921,0.02438730206396822,0.048796029110595995,0.015100757714954985,0.17655896825571754,0.21610721934264998,13.987678867078557
ALGO,134,0,101.35,0.0006909145021429808,0.00042133099134008904,0.009219881741120324,0.045698090623111656,-0.07068395789276702,-0.12928608114983753,1.0078125373533273,0.9982143686881058,0.025279859480405342,0.005895893031773108,0.013409686909917522,-0.023603082851637813,ITPA,0.7180519772026666,HRND,0.14261192900731376,0.00039120637335624697,-0.0006443595749257014,0.020793791732272738,0.18871366359041566,-0.3381767395294073,0.49019607843137253,0.02902300924626089,0.0633532168073585,0.016522971341525704,0.17497445793568112,0.21485666185872992,14.06589298016306
ALGO,135,0,101.28,-0.0006909145021429808,0.00047233588851220234,0.009204860410611096,0.051313748111563674,-0.08662501478573519,-0.10839973085795318,1.0106890812308866,0.998186626859405,0.02834015331073214,0.006551571498479947,0.012718772407774612,-0.024277456647398776,ITPA,0.7228316683116048,HRND,0.13451555301071133,-0.0012866054432559336,-0.0029527580508807993,0.0205004345749954,0.4351616831502227,0.4999781212377803,0.3333333333333333,0.02139848329319416,0.07024483217561772,0.015226235137741349,0.17554988070315422,0.21628769343971485,13.961541395204353
ALGO,136,0,103.52,0.02187587235672428,0.0007474503538141756,0.009592220177307532,0.07792256015791119,0.026875758958472915,-0.11697228515008451,1.0102750808585566,0.9983363151876351,0.04484702122885054,0.00696378267691785,0.034594644764498965,-0.002697495183044296,ITPA,0.747281570407993,HRND,0.1849663565900243,0.021623360583623238,0.02187587235672428,0.021771990850441625,0.12403630261040555,0.30147369470108254,0.8235294117647058,0.024483858744807296,0.06904577272184764,0.02578806922751544,0.1871219686863892,0.2286515477068957,13.056240113268007
ALGO,137,0,103.7,0.0017372844828908995,0.0006941004011859893,0.00957740678212647,0.0724726867069416,0.04283861243188233,-0.09797975142377036,1.0102919199087719,0.9983147169550937,0.04164602407115936,0.006449780788076356,0.036331929247390204,-0.0009633911368014392,ITPA,0.7464372489029543,HRND,0.18138143157118572,0.002052251576566833,0.0008367034374612281,0.01837500112040175,0.20722124254736116,1.1596666907034372,0.5294117647058824,0.0225307632393541,0.05647596935526522,0.013867437008111902,0.1883256981251928,0.2299500395498226,12.972341617208121
ALGO,138,0,104.74,0.009978973615860198,0.0009629396828754781,0.009608337013464155,0.10021918272913528,-0.022268172451139982,-0.12820845910639145,1.007258307976443,0.9983645416831165,0.057776380972528685,0.006951215704716011,0.046310902863250146,0.0,ITPA,0.7411934109286983,IHOZ,0.1871046719530204,0.010051393479463497,0.009978973615860198,0.019271116149309413,0.3941941776154754,0.5285190749523001,0.7058823529411765,0.0234393374344386,0.06339669755695598,0.017201658639501776,0.1906009371106454,0.23271879842401583,12.793611127266612
ALGO,139,0,104.43,-0.002964098359884204,0.0011153756838678587,0.009468956580604778,0.11779288186329608,-0.02833854923696748,-0.013183477965968748,1.0004953820740061,0.9981852389855258,0.06692254103207151,0.007973707017586096,0.043346804503365866,-0.0029597097574945996,ITPA,0.73580636494816,IHOZ,0.1679544169004614,-0.0042747776980864155,-0.003033369363328653,0.021053007398066162,-1.080463355517515,3.802679250073327,0.43137254901960786,0.021756634459147772,0.05893407949199592,0.015519004851819073,0.18611350420442158,0.22909056785409282,13.015151423832409
ALGO,140,0,103.68,-0.007207757887493393,0.000869446794884506,0.009490650650452575,0.09161087336441419,0.03500699521708368,-0.03528486052832003,0.998828705966095,0.9981869914884107,0.05216680769307036,0.007635274609912576,0.03613904661587335,-0.010120297880465756,ITPA,0.7285207322037062,IHOZ,0.15407472026811248,-0.007066797433580057,-0.007409552280725151,0.020332282679998107,0.03303686539713404,0.49127390654436986,0.29411764705882354,0.0229485384306789,0.062101346116498535,0.01710472060394903,0.18644094335918227,0.22933012467994254,12.991249834718177
ALGO,141,0,102.89,-0.007648776216245601,0.0006457107810663073,0.009531182512873028,0.06774718459059995,0.09251912236139635,-0.07178831703470134,1.0012467198112693,0.9981610852775246,0.038742646863978436,0.006671598902378367,0.028490270399627426,-0.017662784036662105,ITPA,0.7167697908988779,IHOZ,0.15080208982016724,-0.007054960306626474,-0.008954068778160629,0.021533805800560652,0.6174686646048848,1.4329443323034372,0.29411764705882354,0.02043534844325645,0.0671485170142494,0.01766448783086629,0.18800788793215187,0.22992134402389286,12.969303250647851
ALGO,142,0,103.7,0.007841658847763,0.000766305104986594,0.00957633955550389,0.0800206697501833,0.0595721919665283,-0.12788705078154727,1.0029489397004636,0.9981370851077012,0.04597830629919564,0.007383758438545565,0.036331929247390204,-0.009929348863853327,ITPA,0.6981005507255336,IHOZ,0.16321699860273237,0.007047621675803864,0.0030956090918823342,0.022735615505913773,0.8177494842194492,1.9060374509949636,0.5490196078431373,0.03216078828449653,0.05427806559137349,0.017447888776416433,0.1887872083613806,0.23018408932437145,12.989505796653267
ALGO,143,0,104.76,0.010169904404029317,0.0012004131813750855,0.00939780495244587,0.12773335767759963,0.03452041289621981,-0.0776742818764995,1.003149616383867,0.9981113687206541,0.07202479088250513,0.007012376899074121,0.04650183365141986,0.0,ITPA,0.6857933696797878,IHOZ,0.13523901145264808,0.009724272875928338,0.010169904404029317,0.01731094548327479,0.007781279700877059,0.44106277258819926,0.7254901960784313,0.019964084904507073,0.053317897614168164,0.015655725137457624,0.1821629508501274,0.22365475150262393,13.434578817207697
ALGO,144,0,103.75,-0.009687860528702963,0.0009434766741815981,0.009482273407905,0.0994989949767804,0.08926379821699111,-0.1488804216093107,1.0153635671020662,0.9979599103251872,0.056608600450895885,0.005243258745532553,0.0368139731227164,-0.009641084383352427,ITPA,0.6834548322599636,IHOZ,0.12619721683838805,-0.008311525009097783,-0.0038986404156573506,0.02754609753298639,-0.8321090258626693,1.0239524814941108,0.43137254901960786,0.028405628884220935,0.07842459439550664,0.02024229443340696,0.18174973443111775,0.223080171768911,13.426711515084891
ALGO,145,0,102.38,-0.013292778081370749,0.0008071471791255113,0.009628499209275188,0.0838289708065803,0.07689281263618172,-0.2375341463370133,1.011517329673088,0.9981421747439039,0.04842883074753068,0.004493778984160542,0.023521195041345866,-0.02271859488354344,ITPA,0.6713410709613513,IHOZ,0.1288023088340254,-0.013867352578722418,-0.014491340423373522,0.02262780317184146,0.09767959177697984,-0.611103934683364,0.2549019607843137,0.03202886496997093,0.07198817269171376,0.021859848266232492,0.18722058349311332,0.22742486943772555,13.132268448524036
ALGO,146,0,100.86,-0.014957964380857725,0.000652092270718807,0.00980756622976244,0.06648869407987695,0.054016406064277794,-0.3213727566412894,1.0069326021355325,0.9982400503470686,0.03912553624312842,0.004263914907036752,0.008563230660487814,-0.03722794959908371,ITPA,0.6816538138360443,IHOZ,0.1691534441107631,-0.015849683886677395,-0.016993159709817185,0.01878874800436445,0.22807187797100517,-0.30978571689615464,0.19607843137254902,0.025068994304439318,0.06292759905234346,0.02050708937812506,0.19510905163661202,0.23462043445437883,12.626748093318845
ALGO,147,0,99.21,-0.01649460098676858,0.00019602105032426505,0.009959445782633766,0.01968192353294055,0.08539074129949661,-0.34365939298692405,1.0073391567784065,0.9983028880890308,0.011761263019455903,0.004648207618544672,-0.00793137032628028,-0.052978235967926834,ITPA,0.6752523597584181,ANSO,0.20319811992163425,-0.01664107486886505,-0.014792414589271718,0.019459605777683103,-0.4622001396583839,-0.21196768024147117,0.17647058823529413,0.027958244334644444,0.06053479695553343,0.01978067484939609,0.19775371097460498,0.235850089536618,12.540435905187598
ALGO,148,0,99.42,0.0021144850047152275,0.00017526282165554187,0.009954035957773994,0.017607212029273765,0.09156445982160666,-0.33691163753462394,1.0060745317356992,0.9982398104966297,0.010515769299332511,0.0038989082708513235,-0.005816885321564851,-0.05097365406643761,ITPA,0.6740949086311854,IHOZ,0.20343656460865742,0.002879124036989949,0.0020639842208516335,0.02090098214431359,-0.08415245379565947,-0.7344733577125244,0.5490196078431373,0.031811440438730854,0.06577279725118745,0.01709943386599251,0.19773465462053755,0.2347324728018365,12.554602919190833
ALGO,149,0,99.86,0.004415904405936644,0.0001964263481424459,0.00996180622752138,0.019717945085077123,0.0856446863008518,-0.34604680776894936,1.0073304507536882,0.9981771178094339,0.011785580888546754,0.004687608509082144,-0.0014009809156281003,-0.04677357770141277,ITPA,0.6749711920528519,SMAH,0.20911443404241128,0.003445187904241233,0.006199968194048555,0.018445053156828244,0.03223029628497772,0.7961999006839098,0.6274509803921569,0.01735604336153873,0.061542749718599854,0.014417837564833296,0.19915973782774968,0.23607607560461671,12.454193872529332
ALGO,150,0,98.23,-0.01645753738568434,-0.00027095394890565375,0.010075611825329074,-0.026892059122851756,0.12233987886232227,-0.3515691662791083,1.0035932054243173,0.9981106415698533,-0.016257236934339225,0.00601987676369635,-0.017858518301313082,-0.06233295150820928,ITPA,0.6641786754792799,ANSO,0.17488660010879778,-0.017637317760528515,-0.017413375325197933,0.018102813209185123,0.7323143855124793,1.6582787499781118,0.13725490196078433,0.02063760185834629,0.04739457624374732,0.021504880537899996,0.2048552914003258,0.2421729239010093,12.077247990811133
ALGO,151,0,98.28,0.0005088799662003041,-5.079756040421065e-05,0.00994285841848902,-0.005108949385194018,0.0928392873837112,-0.2564960578279778,1.0018574467315722,0.9980686312259905,-0.003047853624252639,0.006772755476536175,-0.017349638335112993,-0.061855670103092786,ITPA,0.6600026148148959,ANSO,0.15384644490797963,0.00011350130006339412,-0.0010242404446119124,0.0187557487665291,0.6363261166449242,-0.08416824112343368,0.47058823529411764,0.024548526370370194,0.05888964305609079,0.014866733039186765,0.19995557638781697,0.23716025437683344,12.3990591150862
ALGO,152,0,99.5,0.012337096511568113,-6.353035411709544e-05,0.009926205945892061,-0.006400265566058232,0.0905860068327519,-0.24879508875978207,1.002068892298378,0.9980697669631896,-0.0038118212470257262,0.006712671043474132,-0.005012541823544286,-0.05021000381825125,ITPA,0.6648128344172891,ANSO,0.1613308029668133,0.011471990411555945,0.007632482427808007,0.023648238927319667,0.9059283242338524,1.4124436160230083,0.6666666666666666,0.026766256882035266,0.06735840219025557,0.019076886490526655,0.19860582841452615,0.23564773685553297,12.442917083173098
ALGO,153,0,98.98,-0.005239834640806684,-0.0002689173270417733,0.009903285724986466,-0.027154354070920317,0.14649526113180453,-0.21530234933963888,1.000681778062717,0.998089688095889,-0.016135039622506397,0.007387855830733939,-0.010252376464351353,-0.05517373043146245,ITPA,0.6646513072607348,ANSO,0.12444785876628378,-0.005462341952232726,-0.006644542718668767,0.01934014684650423,-0.19422332458752606,1.080196803528736,0.3333333333333333,0.02335031013594624,0.057668306012469195,0.015852865998297813,0.19755382390520404,0.23475494599448596,12.514544059945978
ALGO,154,0,100.47,0.014941365950482677,9.649324883607887e-05,0.010054670667676987,0.009596858218964669,0.093060287814306,-0.3173281169174835,0.995320074196737,0.9982170542072868,0.005789594930164732,0.008498642468470223,0.0046889894861314695,-0.04095074455899206,ITPA,0.6610013589829277,ANSO,0.15568834754159197,0.014637356841452424,0.014941365950482677,0.018008831423131498,0.151373025835088,0.13989750156991887,0.7647058823529411,0.025402169096786942,0.058209974214573634,0.01857664611093067,0.20489142994746828,0.24100784257921268,12.119341932224048
ALGO,155,0,98.21,-0.022751132304540178,-0.0002342353570144932,0.010472818222830756,-0.02236602908889031,-0.0012500032940994529,-0.3265463497292811,0.9979556386662429,0.9984121372677491,-0.014054121420869592,0.007528791359694358,-0.018062142818408518,-0.0625238640702559,ITPA,0.6687826931339693,SMAH,0.2620565340795892,-0.022754661241493796,-0.022751132304540178,0.01743264357688403,-0.23041757080056355,1.3603206341895833,0.0784313725490196,0.02034214044888971,0.05844427137292718,0.02476003245237893,0.2205441610229212,0.2537114614484688,11.387829868275826
ALGO,156,0,97.99,-0.0022426105219555126,-0.0001608028858639236,0.010442483190782925,-0.015398912588708452,-0.019146141592438187,-0.295889976041809,0.9994921357352088,0.9984397267155134,-0.009648173151835415,0.008082645580294694,-0.020304753340364273,-0.06462390225276837,HETT,0.6722541080793583,SMAH,0.2494799523956363,-0.00220412098945236,-0.002624986592612011,0.02099553467852106,0.48086802949052854,0.7567100790962829,0.47058823529411764,0.022790943656841867,0.06828037337540738,0.015909758140157798,0.21946670702033877,0.25345116532217815,11.39899121305149
ALGO,157,0,97.48,-0.005218203890721362,-9.037142540138098e-05,0.010392942584116239,-0.008695460854320278,-0.029977872730180346,-0.2512393010209699,1.0002193599557458,0.9984110397822308,-0.005422285524082859,0.008696336304837484,-0.025522957231085892,-0.0694921725849561,HETT,0.6813095354465408,SMAH,0.2444651205918312,-0.005794112679246119,-0.005598190029932226,0.016238424803957256,0.03835016427337211,-0.26521262422334146,0.27450980392156865,0.019597764910257887,0.052873540967625976,0.013807490624319192,0.21837390448819732,0.25314744549543877,11.396465915863443
ALGO,158,0,97.69,0.0021519709078452465,-0.00011899955354704635,0.010384211585610273,-0.011459661868980767,-0.022293521988053684,-0.24211793068017817,0.9991046100122011,0.9983369112794226,-0.007139973212822781,0.008003755866824844,-0.023370986323240202,-0.06748759068346699,HETT,0.6796526156768136,SMAH,0.24335790229289572,0.0030098831109787194,0.004533573588860307,0.022932801104259725,-0.23700024127671188,-0.18992609601932164,0.5686274509803921,0.03447473361445752,0.06915541203984032,0.01867404699119696,0.21851995530372859,0.25257233588596845,11.3420684486479
ALGO,159,0,99.97,0.023070941314238702,0.00023505308836237285,0.010805319911149419,0.02175345943435089,0.05170741129939329,-0.28722345059532417,0.9966060534311844,0.9984729461395505,0.014103185301742371,0.008170001842105923,-0.00030004500900199243,-0.045723558610156645,HETT,0.6896483371734144,ALUT,0.255798571097921,0.023255592832352547,0.023936572827908176,0.018343767409819363,0.49448723276355155,1.3439027509226174,0.9411764705882353,0.020156935467331216,0.05594959216909734,0.024796694073253286,0.23429928460834812,0.26612949199497304,10.595067459565763
ALGO,160,0,100.2,0.002298047671674297,0.00034621929981678196,0.010791421254129793,0.03208282687364156,0.021423314177610918,-0.27464902047043616,0.9962551946458702,0.9984874777367048,0.02077315798900692,0.009683802588448415,0.001998002662673058,-0.043528064146620915,HETT,0.6900484060132461,ALUT,0.2527231420319739,0.0014764600996735524,-0.0009128252573598061,0.019501185019654324,0.05408811869092066,0.40987609585065155,0.49019607843137253,0.02456605366937703,0.059052010616074124,0.015168101337669907,0.2339586061165792,0.26582989322210027,10.590643265743301
ALGO,161,0,100.2,0.0,0.00038362283144580307,0.010786178523198773,0.0355661489025712,0.010934906691555805,-0.26934204465745015,0.995166260777358,0.9984870143599657,0.023017369886748185,0.009478413974528598,0.001998002662673058,-0.043528064146620915,HETT,0.6893783642142688,ALUT,0.2553503081804564,-9.04242316836969e-05,-0.0020670560090536583,0.023354750785697476,0.8290682081901022,2.200525556857185,0.4117647058823529,0.02628325724008551,0.06484537870607299,0.017337618001004067,0.2334781655540526,0.26579511295583297,10.611929571479818
ALGO,162,0,98.57,-0.01640123297341667,-1.183171964568667e-05,0.010960876766377544,-0.0010794501113250753,0.05501962384138729,-0.3491834456821046,1.0000197922131513,0.998509870100752,-0.0007099031787412002,0.008459778737831259,-0.014403230310743855,-0.05908743795341742,FWWG,0.6804677486262005,NPCK,0.27944387172918284,-0.015861042300647363,-0.013927041053480416,0.02423375805407841,0.04522338386241322,0.5150346083373005,0.23529411764705882,0.033059817003266545,0.06569167302570933,0.022575438721590978,0.2371144461474797,0.2684241377636682,10.469802190293967
ALGO,163,0,98.49,-0.0008119354957365488,0.00010524921239804344,0.010913291573295741,0.009644130892239956,0.028902817965151928,-0.30690969603651874,0.9991654012283776,0.9982838775769081,0.006314952743882607,0.009836607290400182,-0.015215165806480377,-0.059851088201603786,FWWG,0.6849335103924825,NPCK,0.2843799743377782,-0.0027366909897490292,-0.002888783905890868,0.020719535294257695,0.8464943105773205,0.595255099776411,0.37254901960784315,0.025769180710002004,0.06695155464129376,0.016317538591122456,0.23589182870091388,0.26773734803425614,10.499654895135667
ALGO,164,0,99.23,0.007485367744539673,0.0003273566455698577,0.01092582346232128,0.029961736678134843,-0.026063995173119945,-0.3181887708390829,1.0009176802618767,0.9982679488910864,0.019641398734191462,0.010019882675115017,-0.007729798061941157,-0.052787323405880104,FWWG,0.685844353961127,NPCK,0.2849139074569457,0.00633721392572427,0.007071011240551872,0.02472472096773423,-0.07642198529641417,1.405527828684205,0.7058823529411765,0.023128166538703754,0.08267901966591995,0.019002135401446203,0.23373257304744563,0.26536522861537604,10.632993690492599
ALGO,165,0,99.14,-0.0009073953337228602,8.426889560565106e-05,0.010785101460119689,0.007813454135527054,0.009579717102067323,-0.2135115434901227,1.000945549657421,0.998270408339842,0.0050561337363390635,0.010762263842398017,-0.008637193395663476,-0.05364642993508972,FWWG,0.6604907127197622,NPCK,0.2642276905147441,-0.0010645397938133488,-0.0025608208616736405,0.0230243608283788,0.2612174276043572,0.644171011625601,0.45098039215686275,0.029382038127412358,0.07368422348946368,0.01763922663983337,0.22800751430575644,0.2594935244307487,10.949991157426641
ALGO,166,0,97.58,-0.015860438204736482,-0.00023910467573375153,0.010968977915686252,-0.021798263937774773,0.04622112884042805,-0.3224408468029729,1.005013359663655,0.998282184704127,-0.014346280544025092,0.009774476497985126,-0.024497631600400235,-0.06853760977472323,FWWG,0.6754997731106547,NPCK,0.21325875447141604,-0.01514178045922272,-0.014141521890715936,0.02346347555026643,-0.08061557731276979,0.9976892318622195,0.23529411764705882,0.02554748735194945,0.07516730315871323,0.021731701451634996,0.2313925553397594,0.26328285934772044,10.75384047293244
ALGO,167,0,98.74,0.011817578443025667,-0.0001227659722267571,0.011060367634565109,-0.01109962853703861,0.03345623020826699,-0.3916098699720987,1.0074577316813582,0.9982921172902667,-0.007365958333605427,0.01054972697204836,-0.012680053157374596,-0.05746468117602144,FWWG,0.6802860410046411,NPCK,0.24546231697156284,0.011024196254182361,0.011287135534283621,0.019238167323891085,-0.05167351053097631,-0.09536734280212622,0.6862745098039216,0.028618739428745377,0.05717641417284414,0.017891099412719907,0.23302091279466536,0.26438633084071106,10.661749573138673
ALGO,168,0,99.73,0.009976401583060124,0.0003512812848514753,0.010868701750534651,0.0323204457086326,-0.0018283026885802013,-0.3417535323684713,1.0104524435294702,0.9982300744583074,0.02107687709108852,0.011875525631105511,-0.002703651574314712,-0.04801450935471552,FWWG,0.6739976733274273,NPCK,0.20965585310563284,0.009149235846735614,0.010768581790130849,0.02353373686485822,-0.20086712583651936,0.28538110345226775,0.7058823529411765,0.02290418148385598,0.0798163290227718,0.020333099158975274,0.22394730341360253,0.2565337424783497,11.109288223796124
ALGO,169,0,98.95,-0.007851862365201967,0.0005531234834733685,0.010594045114248263,0.05221079177107292,0.0543596108084964,-0.29180934059183716,1.0116040461491391,0.9981574735586605,0.03318740900840211,0.012290994524209498,-0.010555513939516587,-0.055460099274532326,FWWG,0.6847966327777003,SMAH,0.2038779352279869,-0.007788888965005596,-0.007851862365201967,0.02085747720326151,-0.4785242847856169,1.80942341861976,0.35294117647058826,0.02166032438786103,0.0620986627077913,0.016762237805126236,0.21882986158749,0.2524565495218793,11.413344943866598
ALGO,170,0,98.46,-0.00496429771852025,0.0006313494178179724,0.01053453114747821,0.05993142067543337,0.04568863840688314,-0.2434403872415718,1.0115836198383104,0.9981373462692503,0.03788096506907834,0.012322448574183558,-0.01551981165803692,-0.06013745704467366,GARI,0.6598450039137225,ALUT,0.18699944484426545,-0.0045414600017835115,-0.00496429771852025,0.01526250564408084,0.28132976217523037,0.10669420323481882,0.35294117647058826,0.018720573830707465,0.049705164259787216,0.012661276081876905,0.21754392191366034,0.25104653431577134,11.523971895966403
ALGO,171,0,98.92,0.004661068323160933,0.0007090338898706546,0.01054697513312843,0.06722627871223034,0.023649727526755617,-0.2578813808349958,1.0106680628019256,0.9981471073873162,0.042542033392239276,0.01301247897614876,-0.010858743334875945,-0.0557464681176022,RCRI,0.6586355232995319,ALUT,0.19281656874458405,0.004149091456565643,0.002384928390150698,0.020779002374028736,0.05513789001569026,-0.07060159588083659,0.5490196078431373,0.02654641427098836,0.06411518081040724,0.016585530137733697,0.2186789692105191,0.25220266998465796,11.487928740333533
ALGO,172,0,100.28,0.013654830636877335,0.0008769463714326224,0.01067290363222427,0.08216567877413353,0.004942049941378071,-0.35384593020300814,1.0144390209409515,0.9981404863757616,0.05261678228595734,0.015599510382329262,0.002796087302001188,-0.04276441389843455,RCRI,0.6602547344725678,ALUT,0.201486587754757,0.011941044115435968,0.012030220276542103,0.025232456224809522,1.60319769809606,7.109134108501287,0.7254901960784313,0.022307034050498276,0.07074268185363097,0.01969758686207494,0.22111390083478855,0.25415322077951924,11.388394386973353
ALGO,173,0,101.48,0.01189546144098852,0.0006959078048779895,0.010383667048219332,0.06701946447689007,-0.08363203002483294,-0.3824657836781693,1.0119894773293723,0.9980142621456934,0.04175446829267937,0.015098178653754235,0.014691548742989901,-0.03130966017563952,GARI,0.690781944017459,ALUT,0.19517823691592737,0.012078817989556867,0.01387799161768788,0.02205441234304108,0.9762277459114789,4.368093014728241,0.7058823529411765,0.024808061074748977,0.0605741183126387,0.018952461632692413,0.21204292811051162,0.24601700838364132,11.832878563064062
ALGO,174,0,102.24,0.007461255898142838,0.0004812558400326683,0.010099934807471005,0.04764940063540602,-0.14865720970518098,-0.3383845296715311,1.0094608449788849,0.9979334400011083,0.028875350401960098,0.01614048744092628,0.022152804641133284,-0.024054982817869552,GARI,0.6728896486144508,ALUT,0.19912589027192376,0.006728121003872658,0.008770154354621251,0.016900291723877532,0.2279235274444084,0.14724052264675214,0.5882352941176471,0.022030094344840823,0.05144314296266672,0.014507265728934616,0.2008103972095213,0.23328442113442055,12.614398677216736
ALGO,175,0,102.16,-0.0007827789049406064,0.0004497627420304647,0.010100897144661813,0.04452700939224574,-0.1389771278574677,-0.34137432536583656,1.0106755649165746,0.9979532619092638,0.026985764521827882,0.015848078724153156,0.021370025736192545,-0.024818633066055806,GARI,0.6666858745096648,ALUT,0.19385527046049694,-0.0013187386497780658,-0.0012128564252091856,0.019140155889139695,0.3167954306035571,-0.32716939352364127,0.45098039215686275,0.026785604934426166,0.06143911313194361,0.015164485655001347,0.2012350708415139,0.23373023175646576,12.574295722933147
ALGO,176,0,103.68,0.014769020879680461,0.0007597250907312041,0.010251606243483832,0.07410790784264697,-0.17774506376045196,-0.41564671891013383,1.0110744252155035,0.9980099363585272,0.04558350544387224,0.0149550415959405,0.03613904661587335,-0.010309278350515427,GARI,0.6557670687417986,ALUT,0.20849623647218973,0.014929101959307573,0.01763939052098973,0.01615031824623642,-0.285331741323667,0.46606882820247186,0.7843137254901961,0.01947571379763602,0.048405145848392506,0.018224234093646062,0.20878121574258732,0.24136221293244992,12.127324010114506
ALGO,177,0,102.53,-0.011153793921963917,0.00045646895517032307,0.010331441933897966,0.04418250212224744,-0.11336127317276934,-0.48881433257736484,1.0125507682396788,0.998048892229872,0.027388137310219385,0.01490298202064437,0.0249852526939086,-0.021286750668193966,FWWG,0.6255697472382825,ALUT,0.18574366977632778,-0.010948792762350085,-0.011153793921963917,0.0202012586790094,0.10530787968125456,-0.03255831565621259,0.2549019607843137,0.025463242578530387,0.07056027244204799,0.018095995252057476,0.21034879895041958,0.2421829330121594,12.080916037157088
ALGO,178,0,101.44,-0.010687947993084812,0.00023995516168596372,0.010427765216323243,0.02301117801447492,-0.06730192958939041,-0.5704939234608499,1.01180526741912,0.9980666851052916,0.014397309701157823,0.015133507547181168,0.014297304700824394,-0.03169148529973276,FWWG,0.6335581713894044,ALUT,0.19980286545173834,-0.011324552854194937,-0.01100182779904646,0.020432089299917664,0.2076681592401327,-0.3940425529450251,0.27450980392156865,0.028355240001597615,0.0630757715639858,0.01949873917969964,0.21460007206797838,0.24551830462062504,11.920557729130834
ALGO,179,0,101.4,-0.0003943995318325122,0.0002700925705277838,0.0104231981949832,0.025912638853762018,-0.07614201147536281,-0.565124019262734,1.0113207966927011,0.9980644002071878,0.01620555423166703,0.014804654119675045,0.013902905168991434,-0.032073310423825885,FWWG,0.6357845682542953,ALUT,0.19964078747318476,-0.00045399971128586475,-0.0017046427220028804,0.017769095538619765,-0.08882279363625659,1.7734816103154856,0.45098039215686275,0.02233739477324881,0.04792477419525243,0.013437142297362542,0.21545860283885504,0.24619175929423992,11.859952801276956
ALGO,180,0,103.11,0.01672328837276904,0.0007911201789631228,0.010451720751737411,0.07569281630793794,-0.11209013753803646,-0.5462986660204705,1.0149874877712874,0.9980898942213311,0.04746721073778737,0.014180848713959762,0.030626193541760747,-0.015750286368843125,ILVX,0.6420223874584715,ALUT,0.21792496040773693,0.016686803741116255,0.016241656328631393,0.021894791551217485,0.5366074183165361,0.3996397580551272,0.7647058823529411,0.021835935494257663,0.0756751739313748,0.021762473824239636,0.21334189540871665,0.24452059031014847,11.990268287041808
ALGO,181,0,102.75,-0.003497526153507735,0.000857022665954954,0.010411253489594778,0.08231695317105478,-0.1255713321730932,-0.5091391277540089,1.0156799919016584,0.9981005603576876,0.05142135995729724,0.014486991962788007,0.027128667388252696,-0.0191867124856816,ILVX,0.6386191349237591,ALUT,0.22350377570262997,-0.003230864480299407,-0.00620618357575875,0.020984236248811138,0.2791436865232701,-0.3004240981837407,0.37254901960784315,0.027033568412266673,0.07258528945384546,0.01701972421236114,0.21345210109697424,0.24435878047826973,12.006912040787078
ALGO,182,0,103.57,0.007948859224443439,0.0012597844991817672,0.010204935429658883,0.12344855171943774,-0.16788986581216928,-0.4129157963168333,1.0114556315716912,0.9979202559408576,0.07558706995090603,0.013819538670502549,0.03507752661269595,-0.011359297441771776,ILVX,0.6371676306912378,ALUT,0.20775636566686276,0.008802801961432937,0.00758657028986498,0.018193012182622866,0.5271452055536173,0.3001259173775672,0.7058823529411765,0.017815300769095765,0.06384348874968193,0.014878152174316485,0.20754526009838262,0.2389886049933576,12.347081177222885
ALGO,183,0,104.05,0.00462384023885587,0.0014099022623714763,0.010186750208068446,0.1384055006330438,-0.21091614206345521,-0.3829367522345608,1.01104154094622,0.9979385581342325,0.08459413574228858,0.01411497091287392,0.039701366851552046,-0.0067773959526538086,FWWG,0.637370650091813,ALUT,0.19881856770153844,0.00491139237595416,0.0069402049760523,0.023669800005246648,-0.5990696547058654,1.3874862753682358,0.6470588235294118,0.023775518923136785,0.08318072165657098,0.018102604685329492,0.20827050702780145,0.24022924181389615,12.28823125605172
ALGO,184,0,103.61,-0.004237702575982993,0.001098714529337963,0.010066635934225358,0.10914416062296095,-0.1636532157218069,-0.3267746410980594,1.0120827195494961,0.9979926851196608,0.06592287176027778,0.012139429693061636,0.03546366427556906,-0.010977472317678538,FWWG,0.6344865958592067,ALUT,0.24840664987266212,-0.0038146507073230453,-0.003116238109207803,0.018498043122792362,0.02615617414002678,0.06848599683047052,0.4117647058823529,0.02745212894784199,0.05644134831194991,0.014642243551849324,0.20414379861268345,0.23597314870922617,12.56041414753352
ALGO,185,0,103.54,-0.000675838789905292,0.0009966331414971977,0.010052818826473324,0.09913967004683712,-0.13433124363948457,-0.3183365237439215,1.0130865067103845,0.9979911421589636,0.059797988489831866,0.01233316299568056,0.034787825485664024,-0.011645666284841538,FWWG,0.6370344250374929,ALUT,0.2522808832501492,-0.0008755416116181932,-0.0017610805842975807,0.02020106379746707,0.24788974585130064,-0.3600380483650163,0.43137254901960786,0.02667326993834851,0.06964055107554756,0.01647331317526594,0.20305776286807048,0.2343835628594418,12.67081828890726
ALGO,186,0,104.2,0.006354117845511098,0.0009122316141773723,0.009984867182878387,0.09136141697924906,-0.12808641072281746,-0.266043483192683,1.0097899997868827,0.9978208946439373,0.05473389685064234,0.011363143153509087,0.04114194333117521,-0.005345551737304333,FWWG,0.623286858518523,ELLT,0.24098817344376422,0.007485479455841459,0.004245003342447262,0.020487819735677947,0.23260354427099936,1.7044849631919679,0.6274509803921569,0.023071771336347524,0.052307472468902994,0.015070476929531345,0.20096033158432286,0.23294012366398917,12.753826738584864
ALGO,187,0,105.21,0.009646223500929807,0.0009904226704628093,0.010035302545812379,0.09869385262092589,-0.13993341469372303,-0.30922425031725975,1.011213779206855,0.9978756991427994,0.059425360227768564,0.01193832172271253,0.050788166832105096,0.0,CUBO,0.6198273567345056,ELLT,0.23603844135280277,0.009488170157459501,0.007701151600653322,0.017795468605593872,0.5173454367266923,0.5936328011422827,0.6666666666666666,0.019092121929654038,0.058211318174943294,0.01524142900362782,0.20192547312304454,0.2347669413288529,12.66311759014568
ALGO,188,0,106.0,0.007480741291870707,0.0011554975913900052,0.010059621571815397,0.11486491645246649,-0.18445775163808148,-0.3225089411911055,1.013330354105407,0.9977205222210771,0.06932985548340032,0.01310120054014137,0.058268908123975824,0.0,NGTE,0.6193011206762716,ELLT,0.22520412603541093,0.00580947480539731,0.007281338737346488,0.024879077170496616,0.2472341801917569,-0.3552577231269365,0.5686274509803921,0.031946017067943755,0.08093002591034226,0.02034991586779184,0.20077203712712888,0.23388572056827822,12.684510100271451
ALGO,189,0,107.49,0.013958725872905475,0.0013040951053740664,0.010183111027494487,0.12806450816975268,-0.18924518936892712,-0.400709451796295,1.0177075147026762,0.9977692987500169,0.07824570632244399,0.012818014247184345,0.07222763399688073,0.0,NGTE,0.6294313229861657,ELLT,0.2524615435201188,0.013957494974198306,0.013958725872905475,0.021829586691502558,-0.14173326428965025,-0.1302480153842942,0.7254901960784313,0.027873428125834376,0.07717449024006218,0.02124295800298987,0.20488604763784163,0.23796964248903682,12.432851480906164
ALGO,190,0,107.12,-0.0034481186020549615,0.00134922193877558,0.010155454108755301,0.1328568791042419,-0.19943319743728435,-0.37144242833083885,1.0179171569329721,0.9977630864551349,0.0809533163265348,0.01301874907777223,0.06877951539482584,-0.003442180667968975,NGTE,0.637969679542149,EORC,0.25687933982839617,-0.0035449931702832217,-0.0031496089028961727,0.017334455145380116,-0.3916593558148152,-0.284620102011385,0.47058823529411764,0.02708286336945731,0.04967708247890612,0.014189789374193879,0.20462259981394842,0.23762400146912596,12.466222632048868
ALGO,191,0,106.25,-0.008154893578391054,0.0010772107202329019,0.010188299195461796,0.10573018121736423,-0.1341178989541495,-0.4168268417453338,1.0136074704246572,0.9977484220873758,0.0646326432139741,0.013241049851979624,0.06062462181643484,-0.01153595683319375,NGTE,0.6297893967796104,SRTX,0.24613363490623197,-0.009109903897414546,-0.01072678284162576,0.01665838959381226,0.17049254962745253,-0.23022799346234368,0.35294117647058826,0.024991302908895285,0.04696715279466401,0.015521610322379708,0.20768911239764287,0.24021258312693364,12.24117082508058
ALGO,192,0,107.03,0.007314361191757435,0.0010276457508506956,0.010149890386955357,0.10124698018132554,-0.12952675388301893,-0.38800349886146623,1.001804636368715,0.9973543243974456,0.06165874505104174,0.011580382038300467,0.0679389830081929,-0.004279467857475017,CUBO,0.6501212476938695,ELLT,0.2384003325955262,0.009301773867937513,0.01170908275942839,0.024290013728361228,-0.0686639231019315,0.21275726547488993,0.6470588235294118,0.02940901187987266,0.08294069944485294,0.02048095120369685,0.20705201304137388,0.24116935790426589,12.152904203568522
ALGO,193,0,108.46,0.013272272416630315,0.0011415413836174614,0.010249490313841654,0.11137542928118496,-0.1329597724689743,-0.4518774763075437,1.0035365749436675,0.9973783439894499,0.06849248301704769,0.010912354906206866,0.08121125542482323,0.0,CUBO,0.6651464871401007,ALUT,0.23881754545703812,0.013672907552390335,0.011157716870652923,0.02224087336292518,0.013276715005900035,-0.5045320580192016,0.7254901960784313,0.030635139126355515,0.06991193813117702,0.02075944544213327,0.20955689250821607,0.24465842158674483,11.921409104810607
ALGO,194,0,107.7,-0.007031857250571427,0.0010128285210722213,0.010303593589425099,0.09829857052123242,-0.10085648245235714,-0.507286578284591,0.999250807519116,0.9973890287485858,0.06076971126433328,0.011279806559927094,0.07417939817425147,-0.007007191591369977,CUBO,0.679949269381215,SRTX,0.24380105282923573,-0.0076990170330783906,-0.0037414302634473096,0.020887548931250027,-0.748802519038611,1.6925263584885686,0.3333333333333333,0.021358640111646565,0.06548877181635149,0.01550186859684223,0.2113839497312232,0.2462647435981493,11.82136796100642
ALGO,195,0,109.38,0.015478473756283861,0.0012823183253793354,0.010468413407549847,0.12249404713559785,-0.12973826520274556,-0.5920744278379662,0.995440569407983,0.9974317269469143,0.07693909952276012,0.01000471623255661,0.08965787193053519,0.0,CUBO,0.6843603161318994,ALUT,0.2470861107049645,0.016157873142541395,0.015441730125314912,0.023995939154345593,-0.07487623540011204,-0.16068328877573235,0.803921568627451,0.030266170304541706,0.07578320205362954,0.02355261862347796,0.21775879166363857,0.2525342659281558,11.461198976357469
ALGO,196,0,111.03,0.014972377147548066,0.0011672600718930651,0.010274373267059867,0.11360888314573472,-0.20218307790093287,-0.6468436855954907,0.990903022192636,0.9973139053002439,0.07003560431358391,0.010398642430923047,0.10463024907808299,0.0,CUBO,0.6900690759063876,ELLT,0.20674210326479042,0.01432593917608059,0.009160369398664159,0.021532892548041686,0.4755343947719311,-0.4842761389974779,0.7647058823529411,0.028924987200732666,0.06951805434472402,0.01891836298963793,0.20982163529184827,0.24677050592173713,11.869518180404622
ALGO,197,0,112.25,0.010928091556189123,0.001320440189781369,0.010351240874068591,0.1275634685585638,-0.2289428945919509,-0.6927476784051234,0.9930836075551572,0.9970248513098307,0.07922641138688213,0.012997034284428208,0.11555834063427235,0.0,CUBO,0.6959801554726618,ELLT,0.20574743681827504,0.008644666796359892,0.00938974034983886,0.023992623694756156,0.19631028419331847,0.9836540370023124,0.7058823529411765,0.026033876356129637,0.075166306468051,0.01916171742012005,0.210234211641851,0.24706501645438786,11.855901504390198
ALGO,198,0,113.32,0.0094871483399519,0.001312243101849564,0.010344460533263735,0.12685466754210178,-0.22858865916990437,-0.688976333077365,0.9945430021462693,0.9966782117204575,0.07873458611097384,0.015415016905228424,0.12504548897422443,0.0,CUBO,0.6958367410613022,ELLT,0.2018592141335538,0.007141585582754973,0.004268599487554425,0.022175962840411293,0.9594876188369178,2.772431233166886,0.6078431372549019,0.02358248701948451,0.06222014090776318,0.016632501900167462,0.20860067807478,0.24585573841710326,11.922120533126751
ALGO,199,0,113.31,-8.824956984021526e-05,0.0013601739150169638,0.01033096415454397,0.13165992008777855,-0.24268448370449788,-0.6719123880803295,0.9934669372126922,0.9967473298270938,0.08161043490101783,0.01390499802494119,0.12495723940438382,-8.824567596177335e-05,CUBO,0.6950761119584592,ALUT,0.20124073439406295,0.0001110899722448162,0.0005293339338416914,0.01849125862288444,-0.6986578118845642,1.2499068134613687,0.5098039215686274,0.022002243049795256,0.05449850276179302,0.013885703103399318,0.20807739994359886,0.24541003017152688,11.935444444189216
ALGO,200,0,113.71,0.003523922244156097,0.0015390352505444552,0.010272848259338671,0.14981582631140047,-0.2905302064203081,-0.6045600991276028,0.9896447159307818,0.9963827290224841,0.09234211503266732,0.012229752630111557,0.1284811616485401,0.0,CUBO,0.6875807714246414,ELLT,0.1974536511847774,0.005340128092899055,0.010319433369336828,0.019467222381484843,-0.8308447376251229,0.5367949263573437,0.6274509803921569,0.02400532510466813,0.05745007129118962,0.016511075046781794,0.20733750269641663,0.24478329915308636,11.962216146134788
ALGO,201,0,114.46,0.0065740693443245846,0.0017760826765539583,0.010221212132544519,0.17376438856002996,-0.3521121058852316,-0.5323153199114325,0.9885967586627559,0.9963196413399134,0.1065649605932375,0.012055224221901362,0.1350552309928647,0.0,CUBO,0.6830786935750258,ELLT,0.2046308311771825,0.007342413662153928,0.006167148747918461,0.021424342460738346,0.4118803365720782,0.7221392347983473,0.5882352941176471,0.02586078789483448,0.0697527630854673,0.017173666364532974,0.20614008376673426,0.24324797151142766,12.049917872524478
ALGO,202,0,114.28,-0.0015738396183841985,0.0016191577021181717,0.010198762560604193,0.15876021159396908,-0.3109966848585261,-0.5332989834643698,0.9829923406035769,0.9963257110895385,0.0971494621270903,0.011153434884558708,0.13348139137448098,-0.0015726017822819127,CUBO,0.6844506397794524,ALUT,0.2025143469584656,-0.0014660874530007082,-0.0026609369912260483,0.020710647455241187,-0.20344468808966276,-0.42183900107009453,0.43137254901960786,0.028545177475235217,0.06971249720220896,0.016794234755409188,0.2058273767523084,0.24301384724444572,12.033406579502898
ALGO,203,0,113.04,-0.010909838986299825,0.001267828645612686,0.010262095195912925,0.12354481432969194,-0.24103565873689586,-0.6079794437969692,0.9901451134913118,0.9963080722985225,0.07606971873676116,0.009961800347246516,0.1225715523881807,-0.012406080726891422,CUBO,0.6776810010943565,ELLT,0.2216159246098088,-0.010163835977088581,-0.007543410172858422,0.02049555272672221,-0.19598455227409775,0.14488898278983875,0.2549019607843137,0.021646667184329837,0.06577068587268542,0.016683702708737015,0.20731805601383993,0.24402963247468606,11.95825372311265
ALGO,204,0,115.23,0.01918839264965122,0.001749099531918589,0.010415558326383134,0.16793142307964729,-0.2643313005653023,-0.5754595576156056,0.9977564361183087,0.996511303668088,0.10494597191511534,0.012640626690370527,0.14175994503783185,0.0,CUBO,0.7013054179072169,ELLT,0.2626101691511736,0.01788590182613238,0.016393809775676615,0.019123195060189828,0.08085741167007461,-0.23893337061438302,0.8823529411764706,0.02411604042529114,0.06341552483882928,0.02124054289674215,0.21423519026107307,0.24979335603911654,11.652922574815442
ALGO,205,0,115.42,0.0016475182568971292,0.0019981044708897206,0.010226734230960613,0.19538050229570067,-0.299032963839161,-0.43990631852629036,0.9982166564245843,0.9963834323701224,0.11988626825338322,0.012623844635615972,0.1434074632947291,0.0,CUBO,0.6970751753268218,SRTX,0.23185945452803378,0.0010897258143,0.0016475182568971292,0.01917145879187037,0.0667921421495017,-0.23711597076703628,0.5490196078431373,0.025283087519779368,0.05923525909640004,0.015347804181098214,0.2084110527601359,0.2438723431346197,12.011110790331358
ALGO,206,0,115.13,-0.0025157245972478037,0.0022054751339498856,0.010000733630079747,0.22053133455293308,-0.3002830994595564,-0.31616170914716824,0.9943479350854626,0.9961116332102034,0.13232850803699314,0.013262067852115242,0.1408917386974817,-0.002512562814070418,CUBO,0.6792906143342571,SRTX,0.22429915353418123,-0.0040456673195667404,-0.0023214623413618796,0.020391916969501992,0.019392137192102442,0.2548183518841016,0.43137254901960786,0.03064424754172501,0.05934435718633457,0.015996983876527548,0.20004007481632036,0.2353470265479163,12.583052543118527
ALGO,207,0,113.43,-0.014876018114621026,0.002232451515152345,0.009951498155179924,0.2243332089641514,-0.28550448787200444,-0.32730158819126043,0.980335692667617,0.9958972593098696,0.1339470909091407,0.014773694987316802,0.1260157205828599,-0.01724137931034475,CUBO,0.6863504087288363,SRTX,0.18551941263537527,-0.016534119131919055,-0.014168427142494444,0.02367902281165355,-0.45549273405751867,0.5559661662311948,0.21568627450980393,0.02724079386751832,0.08331931951919835,0.02235861476258709,0.1997728695661412,0.23695372872466133,12.504239319280519
ALGO,208,0,111.97,-0.012954928298846369,0.0019812946267596518,0.010142847875897462,0.19533908533399377,-0.25164806371476367,-0.47142582828269175,0.9741668146302308,0.9960135120499461,0.1188776776055791,0.017089712804469456,0.11306079228401415,-0.02989083347773347,CUBO,0.6633017337785015,SRTX,0.1960235594165874,-0.014506307083724326,-0.014851758136026127,0.022225209688639416,0.3253118950631855,0.6911450953616818,0.21568627450980393,0.02242791820722001,0.07515911956285048,0.02118634434522127,0.20747591447672264,0.2437384013439548,12.103050218031267
ALGO,209,0,111.12,-0.007620279826016763,0.001780691556227095,0.01021266481157652,0.17436110839637078,-0.20036280930444483,-0.548973386906189,0.97316197253075,0.9960989805035345,0.1068414933736257,0.01678412023060602,0.10544051245799693,-0.03725524172587069,FWWG,0.6406449793199668,SRTX,0.16989135748088569,-0.008285403753848715,-0.001953761611394267,0.022604765964886427,-0.6087183174425702,-0.5004943736887042,0.4117647058823529,0.028644754026862174,0.07399426052499769,0.017864086611908008,0.20846038881310153,0.24388794614094625,12.093876428230491
ALGO,210,0,110.37,-0.006772340661295395,0.0019421115016335774,0.00999370209471189,0.19433353958601934,-0.16837534726412076,-0.5007818123160117,0.9739068213459044,0.9959733876164707,0.11652669009801464,0.015557833297240656,0.09866817179670143,-0.04375324900363886,CUBO,0.6427086927934061,SRTX,0.15440707699607403,-0.0067258341027742145,-0.006772340661295395,0.021778791766188875,0.7166300712936202,1.1772332304219324,0.27450980392156865,0.022393476953456393,0.06544744621303455,0.017416280791765035,0.19869766119922,0.23517398487371644,12.628943671091204
ALGO,211,0,111.58,0.010903464632589177,0.002115354579406725,0.010058322904463483,0.2103088754953388,-0.20615908177940528,-0.5433888501168864,0.9736623207904247,0.9960251075891721,0.1269212747644035,0.015527919388400035,0.10957163642929083,-0.03326979726217294,CUBO,0.6488693258389714,SRTX,0.155839449943845,0.010537999875292903,0.009240608635076697,0.023101328669057963,0.2352875390710601,-0.17826663513369478,0.7254901960784313,0.028820617514163427,0.07360076772276347,0.01932421529088871,0.19977336164939435,0.23617010068770303,12.539323064436703
ALGO,212,0,110.82,-0.006834558978178862,0.0017958269879109422,0.010032584869816133,0.17899943147392028,-0.13986605276990605,-0.5505904097872181,0.9798717579810741,0.9959553530353679,0.10774961927465654,0.013928771117795044,0.10273707745111209,-0.03985444463697807,CUBO,0.6639235835479845,CCNS,0.13633062909967925,-0.006100516807586045,-0.00828376468767189,0.019841823387319678,0.874175490806555,1.979489438318744,0.29411764705882354,0.01718924968750657,0.05822243670447569,0.016178646720711773,0.2013623929683165,0.23875166512363033,12.422478335938777
ALGO,213,0,111.99,0.010502318155398704,0.0020581962011810323,0.010051296390528788,0.2047692278898914,-0.20270554554919248,-0.5457754289819352,0.9798203703064339,0.9959626778647934,0.12349177207086193,0.013608639350904964,0.11323939560651071,-0.02971755328365977,CUBO,0.674126799394793,CCNS,0.1418450352315235,0.01059994261086274,0.011227760578805146,0.01870818679949284,-0.13336543334215922,-0.17056214096910471,0.7254901960784313,0.023060571546709596,0.058187815717979374,0.017785080357978798,0.20187571673983917,0.23962588417215236,12.356537322072631
ALGO,214,0,110.7,-0.011585741880010936,0.0016160777373394719,0.01005842074750379,0.16066913265092195,-0.14637850833782887,-0.5805235405054079,0.9818484493515559,0.9959484110066539,0.09696466424036831,0.01305711660661768,0.10165365372649982,-0.04089412580142093,CUBO,0.6747558287041933,CCNS,0.14119416062829945,-0.011338228244753909,-0.01364196719859212,0.020409648724916483,-0.09310815115614637,0.313874661966028,0.27450980392156865,0.022710729849354072,0.0783554020655024,0.01872132640994736,0.20090998726880144,0.23908032771174495,12.375185142147663
ALGO,215,0,109.47,-0.01117330059812538,0.0018090415991130519,0.00968723694489048,0.1867448488567453,0.013021773447698006,-0.8599897789147697,0.9864253391687119,0.9955670765899071,0.10854249594678311,0.012407849599430046,0.0904803531283746,-0.051550857736960665,FWWG,0.6459436296704583,SRTX,0.11476835976822945,-0.010527562527891355,-0.010371999931758857,0.01838565637080286,-0.3105911118977653,0.21538784742635908,0.29411764705882354,0.021175437356869997,0.06490593786639831,0.0164009272900661,0.18844011160692428,0.2280892904471706,13.083604121277093
ALGO,216,0,109.7,0.0020988281647191798,0.00188139891055763,0.009672663712553571,0.1945068045853672,-0.008846265594677438,-0.8467705746637479,0.9888961020390029,0.9955328683479079,0.1128839346334578,0.01211104666993558,0.09257918129309317,-0.04955813550511179,CUBO,0.6450027110741693,SRTX,0.11793967031214228,0.002434120626716802,0.002882090661603165,0.018838153538911592,0.00033979167783913577,0.9848549572163918,0.5882352941176471,0.02054109085104261,0.05292010759972987,0.01453969275923789,0.18788746240053578,0.2272660700181818,13.121970401593053
ALGO,217,0,107.99,-0.015710737036516598,0.0017065233581277095,0.009895478315266824,0.17245486309589214,-0.04545415305015942,-0.871129446123367,0.9963565930358552,0.9956118534548459,0.10239140148766257,0.010471778177694041,0.07686844425657688,-0.0643735920984232,ILVX,0.6468257449446089,SRTX,0.10584101449243585,-0.014647377332799819,-0.013245226750020045,0.02669533398796048,-0.5778772789075718,0.7508067688846403,0.27450980392156865,0.027388686012449037,0.08947376034522225,0.02271370971067445,0.19085434602590684,0.22964782871301245,12.914093974150823
ALGO,218,0,107.23,-0.007062570012614344,0.0015529476761200498,0.009959743053494287,0.15592246384059194,-0.008690748789992993,-0.920482004186868,0.996287457988714,0.9956422385877117,0.09317686056720298,0.01030089758897057,0.06980587424396294,-0.07095823947322821,ILVX,0.6471724318509129,SRTX,0.09321177286567296,-0.006033777220757416,-0.0030627895305457287,0.01773093688078363,-0.5584305676438311,-0.14172087404672595,0.45098039215686275,0.024889527276626744,0.05517615015060584,0.014688426258897783,0.19329124728432698,0.2319838159021101,12.832172046689486
ALGO,219,0,107.11,-0.0011197164555154515,0.001149770046624147,0.009555332499248868,0.12032758114011512,-0.07943395831267026,-1.025430512102186,0.9967148118110992,0.9952752291530513,0.06898620279744883,0.010304855240708462,0.06868615778844686,-0.07199792063767119,ILVX,0.6336347590652778,SRTX,0.11669106927579212,-0.0009390225891394928,-0.0011023333837170135,0.02184887324979779,0.16044821768229975,0.5834683960145592,0.47058823529411764,0.0290061128276613,0.06589933423496008,0.016858953249062364,0.17861249064796997,0.21781191607644698,13.804727147233836
ALGO,220,0,107.85,0.00688502905862709,0.0012262197364066936,0.009582984878955763,0.12795801641088597,-0.09977860846680563,-1.0445599722391827,0.99700853871663,0.9953417356417164,0.07357318418440162,0.00972831227834646,0.07557118684707403,-0.06558655345693998,ILVX,0.6363298923686962,CCNS,0.12370568283798272,0.006639984448988338,0.01021433893111734,0.020177975342514556,-0.10841330756149048,-0.6916883044405848,0.6862745098039216,0.031019431992507673,0.06414231497802203,0.01812211697059408,0.1800860772091507,0.21904604582535914,13.753809618243272
ALGO,221,0,107.31,-0.005019530896129609,0.0011425608881378668,0.009615725300455737,0.11882212235032495,-0.07653000117120257,-1.073226276703158,1.0010991448360866,0.995297151319388,0.06855365328827201,0.008843544421569746,0.07055165595094465,-0.07026511869693297,SRNA,0.6331888455201474,CCNS,0.1367346575311509,-0.004225187271036588,-0.003290952857991858,0.020325588345724833,-0.6526804249586275,3.1618532272686117,0.39215686274509803,0.022973009058276928,0.05591725090676536,0.015056339144512798,0.1813595574506084,0.22003363635677253,13.667208345709325
ALGO,222,0,110.01,0.024849428812308005,0.0018300719178999448,0.009812771692389179,0.18649898064166268,0.05762976063820079,-0.8381694260461994,1.000974522694456,0.9954472909282437,0.10980431507399668,0.008748981128896993,0.09540108476325304,-0.04687229249696756,ILVX,0.6633070762078513,SRTX,0.128966415171927,0.02548418277775007,0.023256862164267478,0.02492320763495403,0.20088218032004784,0.49692690750740187,0.9215686274509803,0.031336927944290105,0.07005211821638557,0.028318873769072654,0.188796369944297,0.22639381780303702,13.20811864453035
ALGO,223,0,111.28,0.011478276863843284,0.0020349087905596084,0.009884698820691883,0.20586452126390373,0.008699684608306241,-0.8916695630385285,1.006267955300633,0.9956915822747326,0.12209452743357652,0.008082558146360469,0.10687936162709612,-0.03586900017328021,ILVX,0.6657267156868379,SRTX,0.1490119351058315,0.010219944352367337,0.0075572709086801915,0.023304904759601407,1.747676110203478,4.833027211561631,0.6470588235294118,0.02134979580867924,0.06744541754414657,0.01735443212288849,0.1898706654362795,0.22621195775118935,13.171066833547501
ALGO,224,0,111.19,-0.0008090979000296983,0.0018966676964834524,0.009865161446025799,0.19225916442021626,0.04886603229245791,-0.8736483751770949,1.0076358741522664,0.9957589481462407,0.11380006178900715,0.007240800866531644,0.10607026372706638,-0.03664876104661241,ILVX,0.6463941318435882,SRTX,0.1480350516388021,-0.0011154944390162952,-0.0012990742148062395,0.021061234118227065,0.15387112315760737,-0.5514606742702561,0.45098039215686275,0.02669863762727953,0.06680236060850575,0.016885805706247838,0.18927049228119341,0.2259073358080151,13.183934954080097
ALGO,225,0,112.16,0.008685973571122219,0.0020565571782308703,0.009896636337505055,0.20780365248313537,0.004317414938118613,-0.9005778126586796,1.0090887966971718,0.9956892853249836,0.12339343069385222,0.006163275487524655,0.11475623729818853,-0.028244671634032326,ILVX,0.6524111568993659,SRTX,0.1411855166806441,0.009606354490038735,0.008685973571122219,0.020511823557877434,0.6340921500006387,1.2008189394140132,0.7254901960784313,0.0187353108268824,0.07034357682500536,0.016858553524425262,0.1911093658064735,0.2277749408466493,13.017481950502324
ALGO,226,0,112.54,0.003382290718852765,0.002377269326957358,0.009613927666953756,0.24727347753289403,0.014679961667961292,-0.8588416580238429,1.0056690642883463,0.9953784145460334,0.14263615961744147,0.005879791172919008,0.11813852801704151,-0.024952347946629705,ILVX,0.6388985147742906,SRTX,0.12773961845538187,0.004384432778972193,0.003382290718852765,0.016508098774876342,0.549405993569384,0.512833853801395,0.6078431372549019,0.018947667283428782,0.059821620386686813,0.012684121590737662,0.18519137191780438,0.22160764626136756,13.442803210277246
ALGO,227,0,110.67,-0.016755913728438543,0.0019010444574329543,0.009843332558849996,0.1931301666450102,0.019708219965585527,-0.8253578189949407,1.0004374656881798,0.9956276742150963,0.11406266744597726,0.004879966433022881,0.1013826142886026,-0.04115404609253159,ILVX,0.6402176405994011,SRTX,0.15552356434899092,-0.01654947117738573,-0.017254202309159083,0.0168161516378896,-0.022859642855938934,-0.9413191308212929,0.23529411764705882,0.026974495796364906,0.05257547450000977,0.019304823065368692,0.19351809064357856,0.22942385519467584,12.917284855357444
ALGO,228,0,112.0,0.011946071018400062,0.0019338722813552866,0.009873957410678412,0.19585584593102023,0.018076768588247274,-0.8427997149096838,0.9935872545340422,0.9956908742413251,0.1160323368813172,0.0036893200809098997,0.11332868530700327,-0.02963091318662281,ILVX,0.6421073394731724,SRTX,0.16157057824721371,0.012309551634188528,0.011535816462164394,0.020362123660692146,-0.21495406496308964,-0.27414253636990527,0.7450980392156863,0.028226790404144442,0.06361453045831178,0.019545420874130432,0.19644789907031732,0.23384977805163365,12.62565089140746
ALGO,229,0,113.44,0.012775191488723081,0.0022776565122540377,0.009886550876397272,0.23037928401214394,-0.04982998465480108,-0.8460724531891084,1.0000862400891617,0.9954273851672495,0.13665939073524225,0.005601147238391502,0.12610387679572607,-0.0171547392133079,MSDP,0.6296625336572386,SRTX,0.12729378929173343,0.010926337731437849,0.009698780216202074,0.027050095963628805,0.7704947596161074,1.6903637977605719,0.6274509803921569,0.03007655218897587,0.087134856424536,0.021770156382393463,0.19382512966153903,0.2303395740693926,12.764269500128927
ALGO,230,0,112.23,-0.010723725755652502,0.0021816660449685,0.009985520530189166,0.2184829562337468,-0.05054172888307366,-0.8903655020778571,1.0037511458488722,0.9955319709344739,0.13089996269811,0.0057994555936377035,0.11538015104007317,-0.027638190954773822,FWWG,0.6266148582657611,SRTX,0.12828418298637334,-0.010499196394161933,-0.009852296443011888,0.02012214181061616,-0.6004255448106626,1.0429894103090334,0.29411764705882354,0.021431481153657117,0.05975442667111719,0.017110034500785232,0.19640698010599708,0.23264532253462367,12.601789008319807
ALGO,231,0,111.49,-0.0066154362486843254,0.0019937243021044123,0.010044012334243898,0.1984987906981197,-0.0036301861110631813,-0.9343912457934334,1.0061018788522023,0.9955928730406213,0.11962345812626474,0.00510882861519521,0.10876471479138874,-0.03404955813550514,ILVX,0.6289633880738642,SRTX,0.15103760216702783,-0.00643678613683716,-0.008048199350308316,0.017692436265399535,0.13013279762927968,-0.16301897518874098,0.37254901960784315,0.025242186444907055,0.05412398726513201,0.01516082536746764,0.1992265919786378,0.2348162483332792,12.482139478869652
ALGO,232,0,110.07,-0.012818373744179823,0.001552504229086793,0.010104358164327759,0.15364699111396563,0.04985535020158733,-0.9370439543433746,0.999098657146013,0.9956303425701272,0.09315025374520758,0.005252615689571166,0.09594634104720902,-0.04635245191474624,FWWG,0.6737927157942124,SRTX,0.21850806065674702,-0.014675947339997152,-0.014473093159077077,0.018411381546402913,0.5312456843454908,1.731034446052278,0.13725490196078433,0.015328055558478493,0.061909816303439946,0.019802271902586543,0.20649152082409455,0.24219097244760684,12.020707721840177
ALGO,233,0,110.16,0.0008173273850990981,0.001367868661488636,0.010012960655649389,0.1366098108771529,0.08913432819405581,-0.8713913861477272,0.9965051412313687,0.9951177502139696,0.08207211968931816,0.007833082852946385,0.09676366843230796,-0.04557269104141404,FWWG,0.6508050128510935,SRTX,0.2380058871179869,-0.0015797832297077628,-0.0021426028908604344,0.021675721963605076,0.8779608780718082,2.8259592571631007,0.39215686274509803,0.024560559568297613,0.056795242513116184,0.01593410290009545,0.20430000881862306,0.24043022321613605,12.1667531876025
ALGO,234,0,110.78,0.005612398184558387,0.0013370543662622285,0.009996722493416469,0.13374927303851547,0.09650695021368239,-0.8572629758950319,0.992839696447931,0.9946689892360262,0.0802232619757337,0.009570093323839318,0.10237606661686657,-0.04020100502512558,FWWG,0.6490391371874871,SRTX,0.22479634684244693,0.0031422528193952707,0.0014958865915830621,0.024806531166422684,0.2897676204762927,1.1226490180680146,0.5490196078431373,0.03195506804570436,0.07485450881343247,0.019084477273266294,0.20202168486945468,0.23870818878637048,12.258781110549826
ALGO,235,0,111.8,0.00916530811604055,0.0015028558166119144,0.010043356546451011,0.1496368081389059,0.05239839244816097,-0.8983375882528173,0.9885978473604542,0.994637910170861,0.09017134899671486,0.008063143419116056,0.11154137473290732,-0.031363715127361025,FWWG,0.637851873759854,SRTX,0.24085986682147809,0.010136298275926351,0.011041820829159832,0.021251395164043733,-0.45883420722601753,0.9774093880068069,0.7450980392156863,0.02067410312318607,0.07612778945728471,0.01835499990489975,0.20424534125736143,0.2403594113476561,12.172608550406387
ALGO,236,0,111.06,-0.00664096490753785,0.001146022720158276,0.009943878554261593,0.11524906643868164,0.11413707296051961,-0.8485389554476392,0.9901098513101879,0.9945282273298237,0.06876136320949655,0.008205549540685517,0.1049004098253698,-0.037775082308092234,ILVX,0.6251968192048059,SRTX,0.21753565753393483,-0.0066232899494802055,-0.006791197578001729,0.020180914068349477,-1.0827902508479705,2.353157550206972,0.39215686274509803,0.019990293047752017,0.06400214879343369,0.015463522647653343,0.19880696860988933,0.23481625611324206,12.523239318772127
ALGO,237,0,111.52,0.004133351198753132,0.0014008084721702267,0.009818441845949993,0.1426711584331526,0.07297943895641967,-0.786827964924885,0.9968350837992086,0.9944038347126314,0.0840485083302136,0.008403524485516428,0.10903376102412236,-0.03378963784439448,FWWG,0.622720680283012,SRTX,0.19707218242737493,0.004140377413536046,0.0022419249174308042,0.018864743036550214,0.13541809542585112,1.0308002505423328,0.6274509803921569,0.018425742586868576,0.05964295936299302,0.014021588882819484,0.19679951217815647,0.23244904020069634,12.692037267136968
ALGO,238,0,112.09,0.0050981730207899645,0.0016639104890681397,0.009699803709447792,0.17154063514166368,0.026402074699184923,-0.7214613830590348,1.0058992649105443,0.9939555168086107,0.09983462934408838,0.009791682378196359,0.11413193404491263,-0.028851152313290607,FWWG,0.6513812515500277,SRTX,0.16543233205881988,0.0030734102669999273,0.0030010740637766986,0.02256986427206447,0.41083172125303513,2.336100417624994,0.6078431372549019,0.019474001209976333,0.06598852875035632,0.015818553426546568,0.1934342402633157,0.2298136781852871,12.915759634237183
ALGO,239,0,109.94,-0.019367357600489576,0.0013476945212571886,0.010070230816470052,0.13382955622556425,-0.038488082695053376,-0.7155668420277927,1.0030538897370123,0.994383938445755,0.08086167127543131,0.010441615820330388,0.09476457644442288,-0.04747877317622595,FWWG,0.6629782678242492,SRTX,0.21743092334383451,-0.02007689122207694,-0.019367357600489576,0.018216636846790858,-0.2740083036064997,0.822876312153622,0.0784313725490196,0.020279009823866323,0.061944466503876194,0.02248226184291186,0.20747150563956185,0.24297146461885913,12.08504414789512
ALGO,240,0,107.84,-0.019286115268517534,0.0007475377939024123,0.010210411193294121,0.07321328982258538,-0.05887122335851363,-0.6683214970116667,1.0073722680383943,0.9944290192530053,0.04485226763414474,0.009564084605002285,0.07547846117590556,-0.06567319355397672,ILVX,0.6385723576452612,SRTX,0.2565015033169701,-0.018445068684842247,-0.019286115268517534,0.02607622825243425,0.24244590169534275,0.8996651671852289,0.1568627450980392,0.025417463939996443,0.08520731236893586,0.025300509542698635,0.21204241467294302,0.24724392185363706,11.821705811889798
ALGO,241,0,109.11,0.011707900503010293,0.001000961571511046,0.010291639583404136,0.09725967989834725,-0.11151517284568,-0.7147008843188747,1.0021681266938638,0.9944376313566623,0.060057694290662766,0.008813589021365732,0.08718636167891596,-0.054669901230289364,ILVX,0.643905911897241,SRTX,0.26382441818264324,0.012725057759855184,0.01037731932119934,0.01993643150617811,0.6776909525914839,0.3761178498820241,0.7058823529411765,0.02424040673313077,0.059153691085963356,0.017285356164241882,0.2149708121133591,0.24965047708949764,11.662348426959992
ALGO,242,0,107.52,-0.014679670892167707,0.0006238194029008603,0.01044617167188533,0.05971751398455365,-0.05900835640449676,-0.7823300446588197,0.998648129876609,0.9946600217076228,0.03742916417405162,0.010341573139671205,0.07250669078674798,-0.0684456766591579,FWWG,0.6546556489722022,FCSG,0.27446416363225185,-0.015353712273483686,-0.014679670892167707,0.022156446451596402,1.153678349427953,2.551412549558183,0.1568627450980392,0.0233147598412915,0.06452139458809181,0.022229389355659823,0.2200106893391336,0.25370989858507315,11.445006545355715
ALGO,243,0,107.21,-0.0028873489066914004,0.0004986329171417392,0.010442429331410536,0.04775066235228093,-0.023517110594966383,-0.7812471753235344,0.9963444413473237,0.994182372519221,0.02991797502850435,0.013381741237965563,0.06961934188005686,-0.07113151966730213,FWWG,0.6514540064857309,FCSG,0.29024638752613546,-0.005639964867887472,-0.007144482276451036,0.02225257605208863,1.3747717426503097,3.202606081154996,0.27450980392156865,0.022822949122720537,0.0682689428928065,0.016829861620471467,0.22161979316281963,0.25536041208805615,11.341676763266015
ALGO,244,0,107.58,0.0034452289769486555,0.0006266817763572667,0.01043046487577691,0.060081864405932196,-0.0596623664924848,-0.7688635448731289,0.9964048852076235,0.9938557218090128,0.037600906581436,0.016165145313795502,0.07306457085700523,-0.06792583607693647,FWWG,0.6531343706190462,LSST,0.28863680200937186,0.0010848767697786595,0.0012322860462647967,0.021732633014708753,0.4898337257232069,0.6628640549341589,0.5098039215686274,0.026125209741457267,0.06369252005744586,0.01730667507286801,0.22068735171459286,0.2543575742502629,11.401720803872527
ALGO,245,0,108.23,0.006023835461958171,0.0007383430138883244,0.010452123187218443,0.07064048142785188,-0.09000001159181657,-0.783924044523598,0.9912177332827318,0.9937908351233014,0.04430058083329946,0.015078675767707168,0.07908840631896372,-0.06229422976953736,FWWG,0.6574746528561825,FCSG,0.28717626450628025,0.006910602186333615,0.006597780696436573,0.018387885585411254,0.2708958883331876,-0.07056615368898722,0.7058823529411765,0.01793989755617731,0.06332884682151518,0.01539521117251017,0.22212387346575357,0.2556755395050966,11.313066559350604
ALGO,246,0,107.44,-0.0073260400920727164,0.0005103403815952608,0.010476724892590777,0.048711824241579306,-0.03251400327077398,-0.8072895592988827,0.9927281773466927,0.9939320010378879,0.03062042289571565,0.01599813943486776,0.07176236622689079,-0.06913879743545315,FWWG,0.651247016213815,FCSG,0.28643920728583877,-0.0071141421489029615,-0.003455152938981687,0.01835841967334769,-0.1753899251675934,-0.09637472566656147,0.29411764705882354,0.01920365439216898,0.06375160101031474,0.014147663772906719,0.2220949478701938,0.2549988198813483,11.333490511128169
ALGO,247,0,105.81,-0.015287519298912144,9.477800159789496e-05,0.010601959035985018,0.008939668723129453,0.021103189502705,-0.8409503876506799,0.9872433857921371,0.9940748835896565,0.005686680095873697,0.01621259235633258,0.05647484692797899,-0.0832611332524692,FWWG,0.6471831018969393,FARS,0.26471056649243824,-0.015660025563847265,-0.01689448889876166,0.021622056489492152,-0.8193517722755372,1.9354283228729692,0.17647058823529413,0.021661259853493542,0.07035083177930956,0.02089161458820429,0.22470840158380154,0.2574678372968621,11.20246865390882
ALGO,248,0,105.2,-0.005781732612460289,-0.00012626323014095498,0.010583597765735272,-0.011930085868317494,0.07707842835763597,-0.8234973756976292,0.9826610645110566,0.994050125476153,-0.0075757938084572984,0.016370154027981344,0.050693114315518165,-0.0885461791717207,SRNA,0.6542856558099105,FARS,0.25375939040082784,-0.007610560770582444,-0.005908087609534984,0.02122087925454912,-0.16811362379874162,-0.18790076336678974,0.35294117647058826,0.024723410627676135,0.06523647829821111,0.017660035537725865,0.2264830422330445,0.25952384830926084,11.103210292839176
ALGO,249,0,106.05,0.008047380707082219,-0.00022478564957134257,0.010477238521782823,-0.021454665664430505,0.0743595680207994,-0.7791470283224635,0.9834766389296098,0.9939128025513021,-0.013487138974280555,0.0170182732905546,0.058740495022600085,-0.08118177092358347,SRNA,0.6424065581962094,FARS,0.26307103382842323,0.007398030545801786,0.005157142775658485,0.019230463764021523,0.07022007297262212,0.16368449653893924,0.6862745098039216,0.024030137366463977,0.05580105198659324,0.015857240036486062,0.22377920104299928,0.25752982826419,11.194297633133036
ALGO,250,0,105.66,-0.0036842892745223565,-0.00022872182744579917,0.010478514301385569,-0.021827696261821714,0.07537759492340039,-0.7801305341891185,0.9822752069237776,0.9937767667084487,-0.01372330964674795,0.018626304838875132,0.05505620574807839,-0.08456073470802294,SRNA,0.6412989945922748,FARS,0.2628476320895844,-0.00538919539107115,-0.0036842892745223565,0.022776062192454163,-0.5890725927165662,0.7428774422452946,0.37254901960784315,0.030167205889019888,0.067711148947047,0.017538485392852552,0.2232415495655045,0.2570156112619451,11.245874464913873
ALGO,251,0,104.32,-0.012763293557826572,-0.00030552849376972444,0.010554213384602188,-0.02894848556079677,0.07440782595426312,-0.814315257900085,0.9872583199956888,0.9935869475133793,-0.018331709626183468,0.016073554349734176,0.042292912190251365,-0.09617050771096869,HTRK,0.6473370023408648,FARS,0.24861169547086678,-0.011165553387709116,-0.009854683952516652,0.016913299537204978,0.8353772073325809,2.9905313638242177,0.19607843137254902,0.019225284893014116,0.048960233409734544,0.016143453833842553,0.22464304779535285,0.2581028059362932,11.191244877225568
ALGO,252,0,106.9,0.024430719852656324,-2.025584942140964e-05,0.010986147074056258,-0.00184376281191827,0.17965857098879384,-0.7083740469352291,0.9903180196891124,0.994417147136575,-0.0012153509652845784,0.01783977448641389,0.06672363204290813,-0.07381736267544614,HTRK,0.6737847321468342,CCNS,0.26170872837838344,0.024651912392156708,0.024992022022783722,0.019428414287145226,-0.2120423660400161,0.8244692803436826,0.9215686274509803,0.02087294722894173,0.06115392208922166,0.026847981941926998,0.23939618367192242,0.2714275634804588,10.49065861001317
ALGO,253,0,105.36,-0.014510760595973338,-0.0004833063996314705,0.011001886352755537,-0.043929412114898043,0.23860122801084757,-0.6746658505112668,0.9946195013672,0.9940871247301469,-0.02899838397788823,0.016263535769675125,0.052212871446934324,-0.0871599376191301,HTRK,0.6724995321024324,CCNS,0.22590391894631,-0.012533886743474562,-0.014493007302566863,0.020750047790497834,0.5488869026221215,-0.07315706797102672,0.21568627450980393,0.02490619626451629,0.06885912117202841,0.020617772119668476,0.23732748756974134,0.269939475083741,10.559997846940602
ALGO,254,0,104.21,-0.010974963430689932,-0.0005490248359667789,0.011053322922454568,-0.04967056873471486,0.24238958496660779,-0.7017300568478264,0.997116152020691,0.9940813658121996,-0.032941490158006737,0.014839319374346183,0.041237908016244766,-0.0971235487783747,HTRK,0.6832730708383762,CCNS,0.23266593327944687,-0.01021790681786794,-0.010599820305142948,0.021347186222605778,0.3867380934342852,1.1387180879535679,0.3137254901960784,0.025412755405639587,0.06907693537020543,0.01797711807257131,0.23869931647738682,0.2713177810627332,10.469689930587373
ALGO,255,0,104.14,-0.0006719462695832235,-0.0008181985030645637,0.010851203198791437,-0.0754016387008301,0.27668961402528436,-0.5774974040595477,1.001032615547737,0.9939059284518369,-0.04909191018387382,0.015256972678382927,0.04056596174666175,-0.09773002945763298,HTRK,0.6678919482511715,FARS,0.22519761178521916,-0.0004102001873624382,-0.001048218125328404,0.01914991351375199,-0.21222214982269938,0.1753340469002853,0.45098039215686275,0.024527831777732656,0.0598279801431314,0.015067744737238282,0.23027697485323018,0.2622777724220682,10.973082623873474
ALGO,256,0,104.63,0.004694169658202796,-0.0009895019612203182,0.010677436427954278,-0.09267224093507433,0.2859158875905284,-0.47581018260269214,1.0035061214291228,0.9937146019794458,-0.05937011767321909,0.014820455444267994,0.045260131404864574,-0.09348466470282457,HTRK,0.6708738657616656,FARS,0.22015894168685401,0.0044842489208502655,0.005350467552831084,0.016614863451301164,-0.0575306417561617,0.6709394728352622,0.6274509803921569,0.02132191816242801,0.04868923557502702,0.01352654633739772,0.22595461888857332,0.25744775325010955,11.24345386066975
ALGO,257,0,105.18,0.005242850768242491,-0.001084255974352762,0.010594790659200989,-0.10233859348708751,0.2990293647167505,-0.4079868458993099,0.9971368335189219,0.9937956295633373,-0.06505535846116572,0.011372005955217201,0.05050298217310683,-0.0887194593657944,HTRK,0.6599380540576538,FARS,0.20985346639859928,0.006407875497464046,0.005242850768242491,0.019313571258640305,-0.3149743837088075,0.2995340948395544,0.6666666666666666,0.026053041800296883,0.0645308137699121,0.015912993871447564,0.225676325575647,0.25756089029732737,11.259760174422645
ALGO,258,0,105.19,9.507058998448059e-05,-0.0012407906035188858,0.01050495588789165,-0.11811478475117262,0.3351711618454484,-0.31201260593097846,0.999911797936454,0.9940593616988203,-0.07444743621113314,0.008884627649669033,0.050598052763091435,-0.08863281926875766,HTRK,0.6705440375674587,FARS,0.20227368082713115,0.00023688613833570604,-0.001979980847045315,0.02084883607657137,-0.3741026586924403,0.5385094243745931,0.49019607843137253,0.023906556752842256,0.0719701785712119,0.01580471027336149,0.22396618776846106,0.25618378429217104,11.347035888059892
ALGO,259,0,104.89,-0.0028560567776700907,-0.0012869207236493837,0.01050588604100341,-0.12249521064921724,0.348622239734729,-0.30658822354846915,0.9931501439865773,0.9940674407693334,-0.07721524341896302,0.009083015647462694,0.0477419959854211,-0.09123202217986481,HTRK,0.6696897956540663,FARS,0.20346657495317827,-0.002855105233378721,-0.0011675424560375625,0.016627478035100365,0.10261471826572532,0.4841735940225176,0.43137254901960786,0.019594006337978254,0.0501070623010027,0.012637207022984695,0.2244711051849358,0.2565625995183967,11.316868108697099
ALGO,260,0,104.64,-0.0023862942646237784,-0.0013854243321290483,0.010487706349037758,-0.13209984013865533,0.37787512816391405,-0.2729821007626274,0.9906283737403577,0.9941511347761278,-0.0831254599277429,0.009496315249039516,0.0453557017207972,-0.09339802460578761,HTRK,0.6889800173796776,FARS,0.19512987853031555,-0.0009833880174576629,-0.00044752741852338573,0.020816715390624834,-0.9355888541343474,3.731926046909537,0.49019607843137253,0.023477844670531933,0.05636342281517037,0.014859897549438754,0.22246574386510665,0.25492537628670336,11.453863877607702
ALGO,261,0,105.32,0.006477446919220142,-0.001387034705880789,0.010486470809674155,-0.1322689712349362,0.3782094483227307,-0.2716702896840588,0.9890384416748719,0.9942081731215571,-0.08322208235284734,0.01014781249859363,0.0518331486400172,-0.08750649800727783,HTRK,0.6878052245065336,FARS,0.1807907043680328,0.0065942939874953956,0.006477446919220142,0.017197845726885475,-0.07505946040620495,0.2293901389899684,0.6470588235294118,0.020061877969028474,0.05614490521577831,0.01404018133351738,0.22264595050536154,0.2549041208126774,11.454641274072223
ALGO,262,0,104.27,-0.010019645826607082,-0.0015277981426845037,0.010545539944438109,-0.14487623684838344,0.40369928791214793,-0.30550645019099143,0.9949811330853615,0.9942738999035254,-0.09166788856107022,0.010714726342247266,0.04181350281341035,-0.09660370819615327,HTRK,0.6921976745314035,FARS,0.1915550662703293,-0.010478807504877235,-0.010734470088650916,0.014594914613779403,0.6354747005370103,0.9062288962046732,0.21568627450980393,0.018281377526940146,0.041900490623213216,0.015055987175088839,0.22636547311964583,0.2584365658944739,11.255657534961026
ALGO,263,0,105.71,0.013715806979069711,-0.0011173707099283448,0.01065286952392133,-0.10488917633124635,0.33534217867620475,-0.4165571187449615,0.9963619443104904,0.9944515477396693,-0.06704224259570069,0.011907543778785612,0.05552930979248023,-0.08412753422283836,FWWG,0.6797663892767632,FARS,0.22838341554987204,0.013268992551742631,0.01482763874293136,0.02164360821380444,-0.14516325245768397,-0.36219364649592434,0.7058823529411765,0.033125791010696126,0.0646681448925297,0.020993527493844543,0.22927474838460504,0.26106705231702826,11.086043625155613
ALGO,264,0,106.14,0.004059481619177241,-0.0013695192271029112,0.01033850393929571,-0.13246783433505244,0.3119314253745076,-0.3169389669374221,0.9944301848424373,0.9941312452227166,-0.08217115362617466,0.011853165698828175,0.059588791411657446,-0.08040201005025127,FWWG,0.6636015595251805,FARS,0.2143556560654869,0.002811368875615823,0.0036242643221715554,0.02268919712492457,0.2999930199174222,0.3564427860172441,0.5294117647058824,0.027707646377566286,0.07320122041434085,0.017642396187115817,0.21881258819689603,0.25203039008685446,11.618778975110967
ALGO,265,0,104.69,-0.013755375068485343,-0.0016262341158592855,0.010452919400951279,-0.15557702623357914,0.34844217837418956,-0.36985223674496215,0.9999308532199102,0.9942541861705211,-0.09757404695155714,0.01109594812519954,0.04583341634317215,-0.09296482412060303,FWWG,0.6683592330066424,FARS,0.2360340297496424,-0.013555949937453828,-0.013755375068485343,0.01893837799197545,-0.10604249837927208,-0.7975013387307008,0.27450980392156865,0.030609857471564084,0.05779790181733868,0.018946682378253258,0.22089579270402096,0.2535750063212878,11.546709712941784
ALGO,266,0,105.76,0.010168773772113227,-0.0014148258097032684,0.010562322970623896,-0.133950250682374,0.30002879758691614,-0.48280885535253315,1.0009837211519081,0.9944977331319886,-0.0848895485821961,0.01009205167711795,0.05600219011528488,-0.08369433373765378,FWWG,0.6762370662252696,FARS,0.23068739687688475,0.009642727497875883,0.008186701474966807,0.022239460423207666,0.24076753532672288,0.09665419393713615,0.6666666666666666,0.02980957929593453,0.07211757288443921,0.01865828974324111,0.2241178386586752,0.25631047856260414,11.392314400416582
ALGO,267,0,107.45,0.015853246985143343,-0.0009026713913738623,0.010643245519804655,-0.08481166667575192,0.25413728858100165,-0.5490008630779384,1.0034570481029412,0.9947221963223541,-0.05416028348243174,0.009083579994288021,0.0718554371004281,-0.06905215733841619,FWWG,0.6738975728655522,FARS,0.23630369607734192,0.015203617650675258,0.0150208293915437,0.021573909922048475,0.6485929862337629,1.9969868085774767,0.803921568627451,0.023618323908961347,0.05891107722958133,0.020659772810462322,0.22420582126692054,0.2563282726528977,11.403301450833531
ALGO,268,0,109.04,0.014689164299757529,-0.000441936514730464,0.01071080057030812,-0.0412608293684018,0.19484605784283168,-0.6082172975191167,1.0019702147371057,0.9949388282250443,-0.02651619088382784,0.00790674389756818,0.08654460140018584,-0.055276381909547645,FWWG,0.6709464328485923,FARS,0.22244794367453624,0.0143146216115994,0.010782484478010446,0.01906511798679414,0.26306982534467094,-0.22377033757365616,0.7647058823529411,0.02564569434035313,0.0616359400970814,0.018806475933674436,0.22544758281091248,0.25725228633610614,11.37571366671369
ALGO,269,0,109.68,0.005852247865781202,-0.00021739438653383124,0.010698975617714835,-0.02031917767658806,0.139215826752017,-0.613910495972863,1.0033105864450513,0.9948663955937954,-0.013043663192029875,0.00631174522023617,0.09239684926596758,-0.04973141569918549,FWWG,0.6786906546297224,FARS,0.2257039726197915,0.006782122615281249,0.011972545609254759,0.022651260744296974,-1.1277367389835706,1.8394751935390623,0.7450980392156863,0.020791132713952498,0.0735931973353241,0.01863468071710847,0.2276450111748619,0.2595454194194188,11.250851794495269
ALGO,270,0,108.6,-0.009895627754223923,-0.0002694491714159734,0.010738932004512989,-0.025090872286251422,0.14386414319346513,-0.6389719637782001,1.0025273695783647,0.9947159003942992,-0.016166950284958403,0.0048159740540663215,0.08250122151174356,-0.05908854617917181,FWWG,0.6796124322332607,FARS,0.22834263659824866,-0.0083533500295329,-0.009895627754223923,0.019047104240159127,1.1503872738344312,3.6881603493416124,0.23529411764705882,0.020315133744924996,0.05071682490972762,0.01575809208934195,0.2294914789536191,0.26084345030987066,11.18569647642694
ALGO,271,0,108.08,-0.0047997138478912404,-0.0005311688127573136,0.010653028884307105,-0.049860825360172854,0.20205615117332074,-0.5615568932586248,1.0087657329657054,0.9945075475479561,-0.03187012876543882,0.00320117322529561,0.07770150766385203,-0.06359383122509099,FWWG,0.6736777078096595,FARS,0.24142751319939498,-0.0035503777764168054,0.0008238363777772761,0.022590189650178703,-0.7674105922616105,1.4303566358069837,0.5098039215686274,0.025276955386962507,0.06649422637276636,0.01722140229782898,0.22680032408559014,0.25799934958652226,11.343157869727529
ALGO,272,0,108.76,0.006271926112326298,-0.0003127273945822277,0.010655961022901936,-0.029347648129540802,0.14645318137040017,-0.5792376665583006,1.0133809586714697,0.9945516300442799,-0.01876364367493366,0.00423677994587263,0.0839734337761787,-0.0577023046265811,FWWG,0.6672957087097494,FARS,0.24405734103930996,0.005970361562342101,0.010687405945347894,0.02810469427174355,-0.4106167389181307,1.3104482395726986,0.6274509803921569,0.025297922330291378,0.09873242385559156,0.02116249440401182,0.2252827887641213,0.2568887296278345,11.3708705212122
ALGO,273,0,109.03,0.002479453954020272,-0.0004464417979385349,0.010567923250524929,-0.042244988665711525,0.17094429930381905,-0.5044944919901093,1.019950758920493,0.9944410420317698,-0.026786507876312093,0.0049742053850719,0.08645288773019906,-0.055363022006584606,FWWG,0.6607055894440386,FARS,0.23363662154016196,0.0018396529702850342,0.0020722092375686785,0.019806542398844294,-0.0358859764453111,1.209023724407503,0.5490196078431373,0.016549227751810447,0.06028055585550396,0.014479154633290565,0.2226095953148403,0.2549875456076586,11.476328230092355
ALGO,274,0,107.7,-0.012273489555947314,-0.0004579042592041412,0.010580575644348294,-0.043277821036961706,0.16966536272014865,-0.510146512495739,1.0154646577875237,0.9944409020541638,-0.027474255552248472,0.0057643390110236475,0.07417939817425147,-0.0668861549124935,GARI,0.6345564607234019,FARS,0.23330481220492796,-0.01281610954664204,-0.009889943501839582,0.01866839421674752,-0.617950633801121,1.1882485483554763,0.19607843137254902,0.0217509926103836,0.057350219775037736,0.01652972293021301,0.22392414723387852,0.25598953936597546,11.399766633419443
ALGO,275,0,107.14,-0.005213193709528774,-0.00035856914439419776,0.010505984806197369,-0.03412998885955761,0.1609377983966613,-0.46074705207816624,1.0174531959526711,0.994399705313572,-0.021514148663651866,0.0063792517692774775,0.06896620446472282,-0.07173800034656042,SMAH,0.637039083870421,FARS,0.220084492525838,-0.005182368397548565,-0.0038845285890687364,0.019044164393558775,-0.29676695156565525,-0.4624875351609741,0.39215686274509803,0.026172498250333964,0.057925498324513436,0.015492928976129817,0.22082660509534988,0.2532872877911799,11.553537273259384
ALGO,276,0,107.07,-0.0006535642826355215,-0.00040444235185010946,0.010501080854508004,-0.03851435461298126,0.17449556603399716,-0.452623572448283,1.0173169891884553,0.9943410417782886,-0.024266541111006568,0.0058752353732235245,0.06831264018208728,-0.07234448102581881,GARI,0.642069039558819,FARS,0.22041022837878402,0.0001857445754160391,0.0021973201545839594,0.021857145378554727,-1.427477816875695,3.497398383392728,0.6274509803921569,0.021354688341391093,0.06613484655140112,0.014911604380527495,0.2215805987818783,0.25400534071933817,11.501347728693569
ALGO,277,0,106.57,-0.004680779937313417,-0.00022060973353005647,0.010323632578995264,-0.021369390264713108,0.18427967214879964,-0.36798358127180997,1.0194915523604844,0.9942099251813648,-0.013236584011803387,0.007765926991270867,0.06363186024477331,-0.07667648587766429,SMAH,0.6989654724397084,FARS,0.18567952078564423,-0.005508111851643968,-0.007399127575387077,0.021917156524375234,-0.06894204422625755,0.11067556591321104,0.3333333333333333,0.022138570982685124,0.07115681002819385,0.017749577417468593,0.21828473093707562,0.2522905027820062,11.594311667984826
ALGO,278,0,106.43,-0.0013145541799115534,-0.0001248094696516766,0.01028566521047544,-0.012134311889187715,0.1625613537306921,-0.33727701726468373,1.0247368372064662,0.9942239033126634,-0.0074885681791005965,0.009771132422004194,0.062317306064861584,-0.07788944723618085,SMAH,0.6954446018886733,FARS,0.16782703658474837,-0.0022909668187879643,-0.0016694494695408402,0.023492017562102806,-0.3366834957173301,1.3751055939789634,0.4117647058823529,0.02716232488851178,0.07802079845345244,0.01731056768657283,0.2160438154865437,0.2505388690778907,11.67757873218707
ALGO,279,0,107.72,0.012047775890445145,9.464873611433333e-05,0.010403871427967264,0.00909745345947879,0.11970719880986269,-0.44194224655688696,1.019540934894972,0.9943183497404052,0.00567892416686,0.009318823998596907,0.07436508195530674,-0.06671287471841969,SMAH,0.7029763811228864,FARS,0.17243199770775305,0.012680778180228402,0.012047775890445145,0.017340070011493822,0.23208685685674055,0.5058672488948814,0.7450980392156863,0.02342199238582343,0.049211281097334636,0.0162316911510878,0.22275732498272588,0.25751176132110276,11.277755374733458
ALGO,280,0,105.84,-0.017606748136698158,-0.00031354755047442083,0.010611334389891942,-0.029548362058319205,0.14627858707391986,-0.4918492040906366,1.0163172558701667,0.994528553908328,-0.01881285302846525,0.009687843210413799,0.05675833381860888,-0.08300121296135854,SMAH,0.7141696138363662,FARS,0.19598885436658356,-0.018220811958153817,-0.02068753960012737,0.021064647978656315,0.7094344245152425,0.515159480797871,0.11764705882352941,0.021282870204843984,0.07527544978373735,0.02384873427213617,0.23064333453416255,0.2656361883688159,10.798416998280688
ALGO,281,0,105.52,-0.003028011397641528,-0.00028035555883295277,0.01059947277769564,-0.02644995319228538,0.13829184159328858,-0.4824583845571784,1.01079505101145,0.9945892997064367,-0.016821333529977167,0.010651084720463982,0.05373032242096771,-0.08577369606653962,SMAH,0.709130840661832,FARS,0.19333721812488233,-0.0031969092825986823,-0.007403222878680893,0.016114030520358414,0.229176041088487,-0.6534517132202051,0.39215686274509803,0.024827903917794547,0.05210339101554595,0.014047919976666623,0.2304858700331866,0.26515042381138193,10.819506262785639
ALGO,282,0,104.87,-0.006179020562744775,-0.0007974963817504991,0.01009767776221824,-0.07897819682208859,0.04528130954301329,-0.6345692527211324,1.0144931657362792,0.9940750274054755,-0.04784978290502995,0.011219298368561344,0.04755130185822235,-0.09140530237393862,SMAH,0.6662689493649268,FARS,0.18662522367403905,-0.006112480245400074,-0.004786545076315818,0.022321230652026586,-0.18518423732421554,0.2805888882028347,0.4117647058823529,0.02564741700477291,0.0695159746738534,0.01761588240969774,0.21391342251467288,0.24880476448569971,11.775916520995446
ALGO,283,0,104.73,-0.0013358780612593435,-0.0010110656305022095,0.009968323739030534,-0.10142784855024585,0.08081989186081416,-0.5397659503503718,1.0047673691879446,0.9940211336291239,-0.060663937830132575,0.009896442180583637,0.046215423796963105,-0.09261826373245541,SMAH,0.6641412184232115,FARS,0.19346346349722618,-0.0012713543847575701,-0.0053321610450689505,0.020057682531942286,0.77260978322435,1.267267516654087,0.35294117647058826,0.021279011252710145,0.05946467136873612,0.015430558264073555,0.21167960494192722,0.24777666724584174,11.82283606639999
ALGO,284,0,102.77,-0.01889212814807273,-0.0013124494679695935,0.010231989455263662,-0.12826923578331362,0.07259322365592424,-0.6210688446077421,0.9913171551863171,0.9942557741417575,-0.0787469680781756,0.010801436779384818,0.02732329564889041,-0.1095997227516895,SMAH,0.6812560354618266,FARS,0.2319414892623357,-0.020103519285860513,-0.016177962340883312,0.024358509700154313,-0.787625179863125,0.18436978233806967,0.21568627450980393,0.03141320650976254,0.07401336219591426,0.02331964285065142,0.2217555940167483,0.25648753752689324,11.325530854208282
ALGO,285,0,103.68,0.008815750966982172,-0.0013102865113719276,0.01023415234964095,-0.1280307803330578,0.07253625004593724,-0.6223744550978632,0.9934552698987197,0.994331741540975,-0.07861719068231565,0.012313651934211009,0.03613904661587335,-0.10171547392133073,MSDP,0.6696106649018813,FARS,0.23328294940327338,0.008223916731072487,0.008347045035183243,0.015561576460959835,-0.2972015950661203,0.1393434028106788,0.6862745098039216,0.019580020549651245,0.04601721009942872,0.014172944211608638,0.2214494750871885,0.2560914534205143,11.36108173625853
ALGO,286,0,103.8,0.0011567381278236866,-0.0013473790545557454,0.010220880889038808,-0.13182611843179945,0.08263165572934561,-0.608748741824706,0.9931838123847939,0.9944337004297584,-0.08084274327334473,0.013558162068243979,0.03729578474369693,-0.10067579275688787,MSDP,0.6714112479265765,FARS,0.22858717946582066,0.000914370053910154,0.0026996174634539294,0.019134466696065753,-0.3440690423997113,0.8749816666552075,0.5882352941176471,0.02130675818229677,0.06263170271492768,0.01455391866920515,0.21976377579044765,0.2542267522018153,11.472633331251044
ALGO,287,0,103.93,0.001251624868542578,-0.0010472534112727268,0.010023231759367729,-0.10448260964273942,0.05866673203662244,-0.5197679865342879,0.9966632148974983,0.9941043373843639,-0.06283520467636361,0.015229087779241243,0.038547409612239035,-0.09954947149540805,MSDP,0.6639155420805694,HRET,0.2619829781255798,-0.0002128582914018818,0.0,0.026717296900912207,1.2563096906932498,5.586033784711372,0.49019607843137253,0.026127179484423113,0.07263522404534895,0.01814921434563968,0.2121035238069922,0.24709892166323055,11.89434232876066
ALGO,288,0,106.32,0.02273581880465958,-0.0008674242815017349,0.010351707508832346,-0.08379528505433774,0.17730268208245725,-0.3780697522942891,0.9983430805276727,0.994499625391294,-0.05204545689010409,0.01587540322919162,0.06128322841689845,-0.07884248830358698,MSDP,0.6694897248844836,FARS,0.300085268931966,0.02245298397049766,0.015983478935284623,0.02244573525174128,0.6847113024431272,2.0672995804453356,0.8823529411764706,0.02844121693926649,0.05902428528737835,0.02445507953462907,0.22191760656710563,0.2545338877583165,11.453571498301006
ALGO,289,0,105.06,-0.011921798879174439,-0.0012790407876333602,0.01029087599536025,-0.12428881547207732,0.2420809132686738,-0.3138888845717229,0.9924254692842034,0.9945343099630642,-0.07674244725800161,0.015564959773321604,0.04936142953772409,-0.08975914053023737,SMAH,0.6766455500932873,MMBT,0.28087768126698737,-0.013460209180589657,-0.011921798879174439,0.02292198072671991,-0.19652340509521446,-0.10874054282898049,0.3137254901960784,0.03209962394337218,0.06363511505355368,0.021130452521824016,0.22452210294244615,0.2594552262539656,11.227722514891308
ALGO,290,0,104.09,-0.009275705998438966,-0.0012549071250131346,0.01027002816384939,-0.12219120580705137,0.24162511841529222,-0.29970927369201794,0.988681021734963,0.9944520000612728,-0.07529442750078807,0.017182861588741216,0.04008572353928558,-0.09816322994281756,SMAH,0.6743102814195201,MMBT,0.264056270569606,-0.010669078452368006,-0.010067052236744978,0.020642947938720093,-0.03755790729270113,0.46551165235689673,0.27450980392156865,0.02833433627664328,0.06418599062612107,0.018360775403015638,0.22501340830280028,0.26070201187842834,11.107185625375855
ALGO,291,0,103.07,-0.009847540478675754,-0.001308775528846325,0.010307031660891178,-0.1269788986689854,0.2475596010314113,-0.3274988907515306,0.9893819742872745,0.9945134563664739,-0.0785265317307795,0.01779064070965107,0.030238183060609946,-0.10700051984058234,SMAH,0.6777507094283224,MMBT,0.25978946133681013,-0.010276669487738432,-0.011040799130134893,0.01788442218468156,-0.31420903831773384,0.8336465047681476,0.3137254901960784,0.025291828604914857,0.05253644008626934,0.01691977672760852,0.22632326731384575,0.2618007189392693,11.041887208039768
ALGO,292,0,103.82,0.007250261350382203,-0.0009742982772702913,0.010252682953678599,-0.0950286165750126,0.1852416436432942,-0.32061240794564405,0.9874089379798912,0.994573943703466,-0.05845789663621748,0.015316927334897978,0.037488444410991605,-0.10050251256281417,SMAH,0.6814607455840754,MMBT,0.2834822572932333,0.007866401129317987,0.007250261350382203,0.01691339257918836,0.2826422156291864,1.60442330708349,0.7058823529411765,0.016776666732178702,0.05834681310015477,0.013776085175261738,0.22298168317041855,0.25791180988550216,11.262204437986338
ALGO,293,0,104.79,0.009299717087767334,-0.000832925115559154,0.010335949477206282,-0.08058525415550759,0.15547859840895562,-0.40301582739345854,0.9812937272790863,0.9948974755114266,-0.04997550693354924,0.011712272814965646,0.04678816149875898,-0.09209842315023387,SMAH,0.6812562458472996,MMBT,0.2475251877651031,0.010507260992892797,0.009299717087767334,0.02223613117103979,-0.8771826316676306,3.331368461685191,0.7647058823529411,0.02023224349553554,0.06631508353902826,0.018592911756743928,0.22765115387268764,0.2629235139222835,10.95554671503358
ALGO,294,0,103.86,-0.008914509070677923,-0.0010750402364797591,0.010352541542531166,-0.10384312219981828,0.2147538683982606,-0.39862495833312384,0.9813631281848788,0.9953366782759884,-0.06450241418878555,0.009074256583917181,0.03787365242808149,-0.10015595217466644,SMAH,0.6829488461868025,MMBT,0.2410001167159825,-0.008746638204792568,-0.008143367477171815,0.0222114772286494,-0.4772151374763499,0.6576548238658129,0.35294117647058826,0.02806974562325748,0.06591704023748246,0.018454747858616213,0.22984129133005693,0.26536616525161705,10.782970852834916
ALGO,295,0,103.98,0.0011547345393969621,-0.0012085497960904856,0.010269561359123958,-0.11768270852354891,0.2431456127372023,-0.3144276986990677,0.9787453878286368,0.9953418611077256,-0.07251298776542914,0.010136218971900715,0.0390283869674784,-0.09911627101022347,MSDP,0.6909395402590425,MMBT,0.26184005724267206,0.0010637623112992323,0.0008166599065559943,0.0213718776503958,0.19814115944424746,0.14977864340514468,0.5098039215686274,0.021785390826815965,0.0776757885396544,0.01609104085750155,0.22571367409096055,0.26181551963174526,10.97059205608571
ALGO,296,0,105.68,0.01621708725850013,-0.0008275822599898527,0.010486313159463082,-0.07892023129626108,0.1984746427757885,-0.44031214428411003,0.9787888089647706,0.995534818620084,-0.04965493559939116,0.01033382999794235,0.055245474225978475,-0.08438745451394902,MSDP,0.6942434601667424,MMBT,0.28872581801116254,0.016037151190516137,0.015825041144396756,0.016415056869370455,0.2739629457672177,-0.11383401120525738,0.803921568627451,0.019052341606988543,0.05502093911980577,0.018648097464696655,0.2349784906671887,0.2701004878068773,10.50483047981959
ALGO,297,0,105.83,0.0014183728915631022,-0.0008728318984430199,0.010470388964490132,-0.08336193635243076,0.2111018550301753,-0.4208610361069409,0.9742193873245032,0.9955067797266439,-0.05236991390658119,0.010034357195431727,0.056663847117541764,-0.0830878530583955,MSDP,0.6880601871374566,MMBT,0.2869742690185317,0.0017248719088566373,0.0031406164286980065,0.02136034747527526,-0.06988961146514282,-0.06942550667515412,0.6078431372549019,0.030775867794601286,0.0721649553032262,0.017345575948088134,0.23287427242104441,0.2677882092006032,10.631640105211117
ALGO,298,0,106.91,0.010153325919775469,-0.0007885793501265948,0.010539362060557955,-0.0748223038164463,0.19906330422846408,-0.47852372730963744,0.9744934111310674,0.9957903874484184,-0.047314761007595685,0.00890407723387314,0.06681717303731709,-0.07373072257840929,MSDP,0.6950687951662923,MMBT,0.3018881416358327,0.009258843127544023,0.008608672155603792,0.02415750240716322,0.35363682768482557,1.7032480560715344,0.6666666666666666,0.021639252774841244,0.07667131017652329,0.01887899475342514,0.23369105303306234,0.26834897375281674,10.564032391212839
ALGO,299,0,106.4,-0.004781782117864175,-0.0005454864254161713,0.010268299103975575,-0.05312334787803128,0.24458615393342067,-0.4132778557028476,0.9773403014942909,0.9955738956838872,-0.03272918552497028,0.00818537383799809,0.0620353909194527,-0.07814936752729162,MSDP,0.6663948156003631,LSST,0.2832963265004836,-0.004772612343576506,-0.011375630505510603,0.026456030147755726,0.8623616601311833,0.9918076135103604,0.27450980392156865,0.024682961119737223,0.08118989740084293,0.021199970364011226,0.2218418740287694,0.25712311109851205,11.190721233355942
ALGO,300,0,106.45,0.0004698144319448261,-0.0002162209304084654,0.009969576383956923,-0.02168807601057241,0.2811848817841909,-0.3504188368283012,0.9718256092031919,0.9953838079890259,-0.012973255824507923,0.008491075720113206,0.06250520535139711,-0.07771616704210704,MSDP,0.6559174399310717,MMBT,0.2910611449328275,0.0010051591335050018,0.0004698144319448261,0.019548092549962346,0.233813828278059,0.18110692462718303,0.5294117647058824,0.022874208854167133,0.06646911787579013,0.01482359232492624,0.21363768315620446,0.25009187492400275,11.583742899536833
ALGO,301,0,105.9,-0.005180138732128192,-0.0004976882509941068,0.009865070309170184,-0.050449539171705166,0.3455899491087798,-0.2315604669285034,0.9650941359990501,0.9948782958927622,-0.02986129505964641,0.01215887992572108,0.05732506661926956,-0.082481372379137,SRTX,0.6578087145099911,MMBT,0.28747346024513276,-0.007830785680891187,-0.007476670343020242,0.024968933129123183,0.6741961425760225,1.3953736757736745,0.3137254901960784,0.02685535198957245,0.07266840470860303,0.02024671187413106,0.20953718658525,0.24704746083053694,11.743813109474225
ALGO,302,0,106.17,0.0025463304181210233,-0.00021058822915596132,0.009694528382300355,-0.021722379970586268,0.32765013651562475,-0.15319738182688125,0.9651419218916606,0.993857134239559,-0.012635293749357679,0.014763857280153829,0.05987139703739042,-0.0801420897591405,HUXZ,0.6373334114374316,MMBT,0.2709544625937058,-0.0007326883176276909,-0.000986436578138683,0.022950635497489852,0.2746998321277087,0.39685926219165335,0.47058823529411764,0.02370091801376839,0.07590809622560268,0.017188099141566146,0.20226663011535154,0.24078433880232833,12.132148118834388
ALGO,303,0,107.26,0.010214210529297496,7.77109477718696e-06,0.009780384629474274,0.00079455921945727,0.2713890505395854,-0.2624873920398061,0.9658059553128525,0.9945040333766642,0.0004662656866312176,0.01232748570903714,0.07008560756668776,-0.07069831918211744,SRTX,0.6392439843149758,NWIG,0.25671266064127746,0.00989796613921811,0.010214210529297496,0.024581820878239003,0.5119655602300456,1.641731148739181,0.7254901960784313,0.022645325010246298,0.07704746644284821,0.019376701494756753,0.2019569400480853,0.23866778954450632,12.275405680789193
ALGO,304,0,105.74,-0.01427254274747547,-0.00028752510062988177,0.00994099434262596,-0.028923173147479195,0.29796168524565725,-0.3335150433411478,0.9656045331046323,0.9950802939575003,-0.017251506037792907,0.010673414492946724,0.055813064819212686,-0.0838676139317277,SRTX,0.6490202524959282,NWIG,0.26891160622816906,-0.01497882373855504,-0.014479017424243512,0.019301793821164332,-0.2703871221786353,0.4133657910219801,0.19607843137254902,0.0222131933869254,0.06410036792010954,0.01982375523348982,0.20914594453805274,0.24577749322551182,11.83485026002278
ALGO,305,0,105.71,-0.0002837550267322797,-0.00039265160877472263,0.009906411542905048,-0.03963610910713062,0.3294939469012618,-0.28272783700190907,0.9638972847063184,0.9948148949846826,-0.02355909652648336,0.013701757097271179,0.05552930979248023,-0.08412753422283836,SRTX,0.652849419521898,NWIG,0.26370925191968153,-0.0024253309066812976,-0.008598505255231537,0.019972548944537063,0.9574366288575141,1.962954081970417,0.3137254901960784,0.02324886721368946,0.06244339044431624,0.015293633509438404,0.20784859063739983,0.24469470685622266,11.929881837720956
ALGO,306,0,106.12,0.003871033488967335,-0.00020603371575738844,0.00987901383798896,-0.020855696645054003,0.28108154931582,-0.2796910419233747,0.9647317763260469,0.9947928656353694,-0.012362022945443307,0.01454370055338448,0.05940034328144767,-0.08057529024432508,SRTX,0.6536124716038723,NWIG,0.25331565285480523,0.0032409879760237946,0.003871033488967335,0.016029402793844606,-0.11977481587485168,-0.7858288304175547,0.5686274509803921,0.024327364669648244,0.051150936170903494,0.013209731407477882,0.20802225977909225,0.24539387398196127,11.890633844692184
ALGO,307,0,105.54,-0.005480501292017159,-4.2583415642472035e-05,0.009704852701089771,-0.0043878477040347336,0.3072006421109335,-0.19921705436819925,0.9650303030649046,0.9945920818656927,-0.002555004938548322,0.014841680322410754,0.05391984198943055,-0.0856004158724657,SRTX,0.6424265395826014,OTCS,0.23940402092586457,-0.0061509873259785516,-0.00390807234163848,0.01922509387334996,-0.2546401777908299,0.05656001478104278,0.37254901960784315,0.023273793162597478,0.06965846553942856,0.015028198923319584,0.20401106190620044,0.24220187496413148,12.081356195968121
ALGO,308,0,105.07,-0.004463233276838174,-2.0608426715436796e-05,0.009693122783727639,-0.002126087451407637,0.3032576644881942,-0.189336547020591,0.9655511536671753,0.9947857796868417,-0.0012365056029262078,0.013442997466625084,0.04945660871259249,-0.08967250043320052,SRTX,0.641030439990685,NWIG,0.24093314425728424,-0.00489337857917466,-0.005938603779774176,0.017882305800533904,0.4550263666488012,-0.6340164725985664,0.35294117647058826,0.026976943956044996,0.054421905917650726,0.015504645164011283,0.2035366375840519,0.2415880903364127,12.107124705382883
ALGO,309,0,106.53,0.013799840922422923,7.526591020690828e-05,0.009802111487305979,0.007678540516946765,0.3022661542129762,-0.2669679225193029,0.9717188722052411,0.9948933885316088,0.004515954612414497,0.01347551979960054,0.06325644963501477,-0.0770230462658118,SRTX,0.64261345278228,NWIG,0.2064827279148883,0.013117968428167023,0.010575891759057932,0.022955678294953343,0.41704091380162955,2.4764385613506006,0.7843137254901961,0.02175435807029147,0.07227333156223326,0.020126018147505986,0.20577002104264747,0.2430110410838483,12.051330020150637
ALGO,310,0,105.25,-0.01208816306061511,-6.47986528946376e-05,0.009916122508999727,-0.00653467651653429,0.30439374776669076,-0.33851582303738414,0.9748406032619206,0.9951134143066864,-0.003887919173678256,0.011078029140368196,0.051168286574399424,-0.08811297868653611,SRTX,0.6610557041531029,NWIG,0.21331665955434992,-0.011395578517931552,-0.011864598600069165,0.015942868632555594,-0.6331557023893668,1.5879201826626899,0.21568627450980393,0.019997328080060495,0.046228256763992004,0.015453090675093673,0.2105899162715384,0.2485637683479841,11.67540364019363
ALGO,311,0,105.36,0.0010445848725346707,0.00016533265427804978,0.009775653764638553,0.016912695381674336,0.283089494806568,-0.2585189691764018,0.9741512873117272,0.9952825355726762,0.009919959256682986,0.012691726825610691,0.052212871446934324,-0.0871599376191301,SRTX,0.66947927719414,NWIG,0.20295956135730928,0.0010286273574096278,0.002170444516268688,0.016079865537425297,0.74530613313209,2.4398963797075988,0.5882352941176471,0.02135125412853567,0.046166058617948647,0.012224868007518671,0.2069803571582893,0.24554596137960621,11.853782642429326
ALGO,312,0,106.86,0.01413650909459907,-6.237525022904459e-06,0.009426665712351753,-0.0006616894258519674,0.13022100815974372,-0.5299422293776725,0.9699117947841306,0.9949079154646082,-0.00037425150137426755,0.012509530925256836,0.06634938054153391,-0.07416392306359387,SRTX,0.6342338322172868,NWIG,0.22010020393904828,0.014539897534453306,0.016952505435411602,0.01916263706025953,-0.683078505104485,-0.0120248733022712,0.7647058823529411,0.02765366774428557,0.06107660768728551,0.020399525727213885,0.1964139476968977,0.23571517230759936,12.460881590759962
ALGO,313,0,108.4,0.01430852247592096,0.0004740838595086672,0.009409288781562873,0.050384664613293155,0.09834448022987335,-0.5547126208352404,0.9772768714162391,0.9949795242739707,0.02844503157052003,0.01674533791966906,0.08065790301745454,-0.06082134811990991,SRTX,0.6427538701142588,OTCS,0.2206297334393336,0.01204958933400751,0.008428707335054852,0.02508833608003988,1.4003144148289914,4.170982129991467,0.7058823529411765,0.027627161438778414,0.06616623968155855,0.019267768667651897,0.1948726040146853,0.23206830066105016,12.68787545053681
ALGO,314,0,106.19,-0.020598146589791533,0.0003136974735236405,0.009685707618158271,0.03238766705444798,-0.01003795337721018,-0.45828384749070317,0.9955696895695636,0.9949755962953452,0.01882184841141843,0.015822243088559083,0.06005975642766288,-0.0799688095650668,SRTX,0.6452989852073885,HRET,0.2298436358053852,-0.018917995145859567,-0.017676683588566,0.019178892453409552,-0.0314022630390923,-0.2728128498809279,0.13725490196078433,0.024083433820564215,0.060786371054649235,0.02195676169177488,0.2043504050974901,0.240953228282131,12.127053691635984
ALGO,315,0,106.19,0.0,0.0003248965780166942,0.009684937089408818,0.03354658631412198,-0.013611114385014103,-0.45736783700231154,0.9952347905843114,0.9949909155661282,0.019493794681001653,0.01668767817905121,0.06005975642766288,-0.0799688095650668,SRTX,0.6451112094475221,HRET,0.229977650597293,-0.0006036890082713399,0.0008703220740833295,0.020456748410216868,-0.06966696878894443,1.5698458487589448,0.5294117647058824,0.021229067882896357,0.06316528292402945,0.014610698306578625,0.2043287716703869,0.24083085373745144,12.16602061105907
ALGO,316,0,105.79,-0.0037739454170715447,0.00018376132676212187,0.009681886974668645,0.018979908280576777,0.02867717208021408,-0.45375964860411555,0.9933286151699664,0.9948317060404294,0.011025679605727312,0.01810930474550993,0.05628581101059189,-0.08343441344654301,SMAH,0.6407105382627162,HRET,0.22681641091206736,-0.005405492720882787,-0.0037739454170715447,0.018310137024126396,-0.013147035374341365,-0.534225411992856,0.37254901960784315,0.024423697588653148,0.05672095488166873,0.015517891222076323,0.20465151260327724,0.24167742819351848,12.13967775089959
ALGO,317,0,104.35,-0.013705363475473575,-0.00013204224396647923,0.009822083968958766,-0.01344340410688598,0.07531142352346946,-0.527724978986654,1.0006898593892988,0.9949200178563902,-0.007922534637988754,0.0179616228111318,0.04258044753511826,-0.09591058741985792,SRTX,0.6594230397856745,HRET,0.24530104660302054,-0.012392656811873898,-0.009225157674825901,0.019335226648753444,-0.5048461925416374,0.3813284103089578,0.27450980392156865,0.026455197565390165,0.05893500898305848,0.017126445395702773,0.20704229358134968,0.2431005738208161,12.043188519011691
ALGO,318,0,103.55,-0.007696045681615971,-0.00026189418182648674,0.009870412517200505,-0.026533255967782637,0.10714993630112918,-0.5675221282549145,1.0030399594179833,0.9949860256388442,-0.015713650909589205,0.01830803083080155,0.03488440185350167,-0.10284179518281067,SRTX,0.6621460808742677,HRET,0.2508534202755964,-0.007900638152934491,-0.00934760966043413,0.021683776651494978,0.3185671527876211,1.4320192068698496,0.27450980392156865,0.023204121869065508,0.07184226187394227,0.017689600056548547,0.20836289999629776,0.24483508402166063,11.934562214312098
ALGO,319,0,103.53,-0.00019316206357178345,-0.00021751260325818164,0.009864535359252158,-0.022049959307426672,0.09369762108695066,-0.563369962082001,1.0082539683379137,0.9948752329658208,-0.013050756195490898,0.019767326148009787,0.034691239789930474,-0.10301507537688448,SRTX,0.6619663412151908,HRET,0.24784763221855197,-0.0016515058364886558,-0.002542220363179304,0.024998147081051844,0.6733794448036134,0.9382017760905725,0.43137254901960786,0.027430998774373494,0.09389449280468609,0.018613129640541615,0.2069549178260008,0.24369122324318318,12.035003249103067
ALGO,320,0,105.34,0.017331788277221705,0.00011112210577257642,0.01011629723457874,0.010984464295171902,0.07772861990608287,-0.660177996010284,1.005580220363584,0.9953379879609404,0.006667326346354585,0.020754653734965274,0.05202302806715202,-0.08733321781320391,SRTX,0.652666382259833,HRET,0.2882059211904213,0.017747366937432334,0.016057015588580192,0.018395997989519686,0.7553106295847611,0.9532332231848901,0.9019607843137255,0.01619403449709922,0.0604053242359428,0.019605473465666424,0.21664123599227508,0.25146083988610185,11.585872910982937
ALGO,321,0,106.82,0.01395196085638073,0.00023569733805858621,0.010241272680564106,0.023014457813030676,0.07623431399654196,-0.7250840689647511,1.0105143193471184,0.995345242384674,0.014141840283515172,0.02244162580679255,0.06597498892353292,-0.0745104834517415,SRTX,0.6645635702397958,HRND,0.26431362529088664,0.012381835852828713,0.009168084430091206,0.02295219248158169,0.020138326227029487,1.365708230710462,0.6666666666666666,0.03118838901513188,0.05607683819848974,0.01916187114086018,0.21903617791260566,0.2545268506248305,11.424045105059523
ALGO,322,0,105.67,-0.010824144458684515,0.00022228902752396233,0.010255443821944817,0.02167522258259594,0.07551788162166655,-0.7314792928551035,1.0114339030843684,0.9953430580175373,0.01333734165143774,0.02280550063719715,0.05515084446484802,-0.08447409461098598,SRTX,0.6789198970111353,HRND,0.2630875750502743,-0.011647180967359274,-0.013674561020172948,0.026654843924199118,0.3171288548241249,0.13516254144509476,0.27450980392156865,0.0254096806169819,0.09537937323915902,0.02329016544334638,0.216119174182981,0.25189907544730855,11.524943366422058
ALGO,323,0,107.09,0.013348571959844513,0.00021616844387020902,0.010247360619531591,0.021095036263112415,0.074369999632757,-0.7295187523533118,1.0106184716871867,0.9952214390485072,0.012970106632212541,0.021498863216561973,0.06849941642469226,-0.07217120083174489,SRTX,0.6948138417384855,HRND,0.24704029357846083,0.014208394953152612,0.013348571959844513,0.02067502724853878,0.4825184325032026,1.844402782956701,0.7843137254901961,0.021082032225914427,0.060703944566040224,0.01891247508168579,0.21803575017214308,0.25507835067288687,11.346058255925263
ALGO,324,0,106.03,-0.009947529475077488,-1.7281741034036457e-05,0.010317629589343678,-0.0016749720354261892,0.12542593591705825,-0.7689697777935849,1.0076369920069386,0.9953431414564029,-0.0010369044620421874,0.020993003897743827,0.058551886949615495,-0.08135505111765728,SRTX,0.6995552008170535,HRND,0.21580362262851713,-0.01068978289982076,-0.008017860324731618,0.022246323542408138,-0.58575847326786,0.12486820403065346,0.37254901960784315,0.029497453968639453,0.07270725448586424,0.018460390816203865,0.2207047933755819,0.2572091014850923,11.22076943434538
ALGO,325,0,105.83,-0.0018880398320737513,0.0001805071795728234,0.010162387148134553,0.01776228133622699,0.1140607281598685,-0.6942255681476239,1.008255905803991,0.9951836774036881,0.010830430774369404,0.020786487480645398,0.056663847117541764,-0.0830878530583955,SRTX,0.6906714139927806,HRND,0.2048864181218295,-0.0014820982839437947,0.0007692039119175931,0.017216487059798356,-0.5701746928114511,1.0157013246426478,0.5098039215686274,0.022974722183409124,0.05145135568743142,0.013495213444172833,0.2166624360957175,0.2543689524896604,11.38152396834647
ALGO,326,0,105.3,-0.005020613965703191,-7.264928272411689e-05,0.010098341481838729,-0.0071941796437338095,0.17469992110679508,-0.6331710160181125,1.0127914936522677,0.9949906511163363,-0.004358956963447014,0.01933771686683662,0.051643233151838386,-0.08767977820135164,SRTX,0.6742581007223815,HRND,0.2003387965369027,-0.004097889626131763,-0.0017041362189269549,0.021930025115747237,-0.672191902212096,1.3956861692603493,0.4117647058823529,0.02639983598584128,0.06640154097712148,0.016233162756524675,0.21527533765988116,0.25349095687307965,11.406072125771523
ALGO,327,0,104.17,-0.010789239143572438,-0.0005166907182027132,0.009971139964129285,-0.051818620545041404,0.22656067445604003,-0.5688709308565292,1.0165367564924706,0.9948020792313508,-0.031001443092162795,0.018117600701391214,0.04085399400826612,-0.09747010916652221,ILVX,0.6625033415314044,HRND,0.2347700038888617,-0.010218752312595121,-0.010789239143572438,0.022138964235040342,0.09828312827851075,0.07843953368571244,0.27450980392156865,0.02544503039437762,0.07470751711933654,0.019563287965895428,0.21125197255532982,0.2509430084085589,11.546844145089848
ALGO,328,0,103.98,-0.0018256070407876024,-0.0007919369072117988,0.009770193261892959,-0.08105642191343534,0.26214229047291504,-0.4328806013091233,1.0136952361037064,0.9942483236788765,-0.047516214432707926,0.02002971957578005,0.0390283869674784,-0.09911627101022347,ILVX,0.6628655168180552,CTGI,0.223494044999575,-0.004112268603334566,-0.006692279676270729,0.025993473016108368,1.0114642921814478,1.4311628695864211,0.39215686274509803,0.02767619228518936,0.08769796443576583,0.02014318765184685,0.20349178722702083,0.2453511495844494,11.902080976635508
ALGO,329,0,103.95,-0.00028855865154753246,-0.000894283682500611,0.009731500148030078,-0.09189576826771548,0.29234413801820314,-0.38091799670886983,1.0130485344960165,0.994337558958641,-0.05365702095003666,0.02129260338147808,0.03873982831593065,-0.09937619130133424,ILVX,0.6590760308332819,AETS,0.21382665211698973,-0.0006215677077455238,-0.001959300622337068,0.02087581693681743,-0.31088673204720174,1.291613038643483,0.45098039215686275,0.02633311250240955,0.064407766907703,0.015859029220051103,0.20109839659770806,0.24138543770081838,12.194522979773799
ALGO,330,0,105.98,0.019340382760594466,-0.0004070168405869712,0.010001351946906486,-0.040696182150940646,0.27597934430034937,-0.4400544642093114,0.9997636861400515,0.9947939657657018,-0.02442101043521827,0.021557330678248054,0.058080211076524724,-0.08178825160284175,SRTX,0.6756579140079245,CTGI,0.23471068810278603,0.020617933188515528,0.02046905810307642,0.019263963958880036,-0.2707622692472266,-0.14346195354180757,0.9019607843137255,0.030798883123217546,0.05684267664049014,0.02350616805701669,0.21292823002167463,0.2532675968372615,11.471510501495326
ALGO,331,0,104.7,-0.012151279188125308,-0.0005295429295908723,0.010100618002344741,-0.05242678512027136,0.2794512999651883,-0.4982076194083742,1.0061553709475999,0.9951010938273419,-0.03177257577545234,0.02279366551163036,0.045928931888399735,-0.09287818402356607,ILVX,0.6938595287095325,CTGI,0.24854493691781718,-0.012138277950033189,-0.009608859106636558,0.022668700718170013,-1.0607367094201223,1.358683379627915,0.29411764705882354,0.02219333061483897,0.07775459169465426,0.018012475109089623,0.21539684201095596,0.25503545598844335,11.389291932636972
ALGO,332,0,105.23,0.00504931287622945,-0.0005499198168591531,0.01008788944653905,-0.054512871079075854,0.28437100658210707,-0.484444454752492,1.0060526378433885,0.9950887010602576,-0.032995189011549186,0.0228016218142336,0.050978244764629456,-0.08828625888060992,ILVX,0.6875413989772402,MMBT,0.2496949210598264,0.004739792023642027,0.0029702127191510996,0.020264775521818885,0.35524856002689537,-0.6941903247946386,0.5294117647058824,0.02914025707860235,0.062087160255652085,0.016720156829419762,0.21539770493526342,0.2531062557634995,11.590351940425684
ALGO,333,0,106.16,0.008798959271231865,-0.0004445947282389599,0.010152835562802,-0.04379020279495788,0.2599761344347822,-0.5511389305755037,1.006520078473138,0.9951551955778273,-0.026675683694337593,0.02262941710466855,0.059777204035860586,-0.08022872985617746,SRTX,0.6743461163870009,CTGI,0.2453330119955514,0.008331362997061675,0.003164559602963468,0.018636696409129502,0.6864615895944839,0.16096146462480432,0.6862745098039216,0.023957504273308894,0.05981448774642706,0.01484647015438698,0.21679043126584788,0.25439081333571534,11.509690284141804
ALGO,334,0,106.36,0.0018821763508665157,-0.00020866696312539604,0.010037113775958832,-0.020789538485176968,0.22502853554609326,-0.49123925772518584,1.0067823336226793,0.994758602708333,-0.012520017787523763,0.020559689819161467,0.06165938038672779,-0.07849592791543925,SRTX,0.6767789685781693,CTGI,0.22098089318703748,0.003409283645678888,0.005552142578471475,0.025017485136595578,-1.482912701608539,4.84762697972414,0.6862745098039216,0.018511015178731327,0.07696678477432384,0.01783588364705919,0.21171897262206488,0.25043657277410847,11.751248465610614
ALGO,335,0,106.34,-0.00018805829862689194,-0.00012491470627703136,0.010015589369316322,-0.012472027523384598,0.20271765077237278,-0.4771245655230443,1.0068797631474884,0.9945000893223233,-0.007494882376621881,0.022704674325863254,0.061471322088101174,-0.07866920810951306,SRTX,0.6760543542444029,CTGI,0.2140715452384981,-0.002302217493348477,-0.002291936256118454,0.0191483374428231,-0.1574111056093981,1.0857373590389479,0.39215686274509803,0.02339640801489451,0.05907524780055451,0.014314264392885722,0.21222902032335259,0.25125439702033203,11.71563184455461
ALGO,336,0,106.18,-0.0015057409206669092,-0.00013911765024422114,0.010016955880595228,-0.013888216330643806,0.20699169893795524,-0.4773379765593,1.0058671849490746,0.9945983518656111,-0.008347059014653269,0.024563746544872818,0.05996558116743413,-0.08005544966210354,SRTX,0.6806914685140104,CTGI,0.2155685528432771,-0.0025255042816249127,-0.0022059846254638416,0.01682717749061317,0.4565358799998063,0.2414562378088556,0.43137254901960786,0.022967140244500417,0.05292273277606219,0.013378900785400487,0.21235403129985686,0.2508788899107714,11.755406018582258
ALGO,337,0,105.84,-0.0032072473488247155,-0.00011455877376940945,0.010007434047701307,-0.011447367349447927,0.2011006408500851,-0.46990078290388615,1.0073888253952783,0.994526336316247,-0.006873526426164567,0.023243067416867116,0.05675833381860888,-0.08300121296135854,SRTX,0.6986559183218732,CTGI,0.21871772423288893,-0.002713900135149581,-0.0032072473488247155,0.01780609041315024,-0.010507821466400311,-0.009298960732865513,0.37254901960784315,0.02049721249283465,0.062449105989521136,0.01395190240425811,0.21277356346414572,0.25098095148953614,11.747444233199962
ALGO,338,0,105.81,-0.00028348689063051324,-9.737431894805878e-05,0.010006223712703098,-0.009731375366357257,0.1958739859724101,-0.4700630215146435,1.0076112726115236,0.994541415243885,-0.005842459136883527,0.023016313357876128,0.05647484692797899,-0.0832611332524692,SRTX,0.7169167437396902,CTGI,0.2216584591500348,-0.00103314547051593,-0.0012704867672610476,0.02139092269370936,-0.07930884257466592,1.2311821095937168,0.43137254901960786,0.02410710599684207,0.06322535708352017,0.016251442021185707,0.21338633595170878,0.25205503256736883,11.699253509027654
ALGO,339,0,108.0,0.02048619420815001,4.3265986347022314e-05,0.010236473591934237,0.004226649534964215,0.253581204675418,-0.4505188330547196,1.021873675544271,0.9941290116352585,0.002595959180821339,0.02690311701103511,0.0769610411361284,-0.06428695200138623,SRTX,0.7361685644260348,ITPA,0.2575907998568185,0.017232392844774288,0.01562960250795964,0.023203024894725158,0.9418077496872179,1.4817367905111567,0.7647058823529411,0.023658004220328044,0.07577955156078975,0.022091085339640482,0.21450634816231037,0.2522490908809973,11.69006756601946
ALGO,340,0,106.63,-0.012766329094131557,0.00012393963705646568,0.010113349407129619,0.01225505340190183,0.2957725489469718,-0.4525036054253979,1.018860652211384,0.9939740558074491,0.0074363782233879405,0.02638895528481794,0.06419471204199682,-0.07615664529544275,SRTX,0.7099406698299338,HRET,0.23640702858675175,-0.012866231189370041,-0.009725810957052605,0.022310881743175696,-0.36031728038881666,0.5976480513550326,0.23529411764705882,0.02599751258592642,0.06908957648414904,0.0199685681137165,0.20844159473536847,0.24597216753492074,12.086612444841357
ALGO,341,0,103.24,-0.03230852317967514,-0.00036406889264409454,0.010940634139539803,-0.03327676330280874,-0.08418997544326026,0.23679274889075952,1.022151308969471,0.9947715785827186,-0.021844133558645673,0.025533240642221726,0.03188618886232173,-0.10552763819095479,SRTX,0.6898402222823233,HRET,0.25198268657585887,-0.031621706422036086,-0.02770908984235021,0.020475135188920454,-1.2602595532020244,2.127414324396476,0.0196078431372549,0.021802669265627017,0.06367703390209933,0.03167551869294928,0.23192191075875826,0.26621748444481846,10.857112329011237
ALGO,342,0,101.6,-0.016012839706031734,-0.0005279658783655439,0.011101694540733354,-0.04755723339607104,-0.08134574455441197,0.11006716223425306,1.02858812621844,0.9948644637093129,-0.03167795270193263,0.02493452548124625,0.015873349156290163,-0.11973661410500791,ILVX,0.684757033094179,HRND,0.25063813045605393,-0.015347584227711555,-0.016829877844089847,0.019378445254742662,0.3488168441942285,-0.3208596389048455,0.27450980392156865,0.030594783065701403,0.05933482694913694,0.02058065959267924,0.2369136321175301,0.2710842018706586,10.59098860378756
ALGO,343,0,103.47,0.01823818047247805,-0.00020173156946992065,0.011362098365057393,-0.017754781114227895,-0.08600744635534861,-0.0347311606095424,1.0304087515836404,0.9948711761953631,-0.01210389416819524,0.027470835295621512,0.03411152962876782,-0.10353491595910591,ILVX,0.6885967171765541,HRND,0.24045078144191687,0.015766394334604555,0.014780510228902699,0.022008063972126644,1.0442406412980332,5.933285372649383,0.8235294117647058,0.01733399137514602,0.0653230795023867,0.020839946546335673,0.24329234124229845,0.27715351850412784,10.261505554659804
ALGO,344,0,103.56,0.000869439266477201,0.00012762788743924484,0.011094392613097937,0.01150381926168437,-0.10069556622708743,0.13369332031861214,1.020896899094019,0.9941963423069198,0.00765767324635469,0.024064772411904186,0.034980968895245594,-0.10275515508577371,SRTX,0.699819800354481,HRND,0.19655435668531865,0.0030641110124067393,0.00287769982761521,0.023261536264634303,-0.3407777770957922,0.4762084602243424,0.6274509803921569,0.02046911550523478,0.07317163691975503,0.017792548965502062,0.23538665722133548,0.27014965203538643,10.65782906240711
ALGO,345,0,103.55,-9.656704174343389e-05,-2.091074603951526e-05,0.011035605131851743,-0.0018948436256713453,-0.06909453304124016,0.19202032951302517,1.0199101398830206,0.9939322339358012,-0.0012546447623709156,0.022171481055517035,0.03488440185350167,-0.10284179518281067,SRTX,0.6980213297595905,HRND,0.19973949444869146,0.0012048900787340376,0.0025122635536627413,0.018909718128324985,-0.6262316566210162,0.38764146253195175,0.5882352941176471,0.02094272124591212,0.06307465160995007,0.014586443141060732,0.23307171276917774,0.26787277272541615,10.776702839534936
ALGO,346,0,103.92,0.0035667845207507654,1.925669384260272e-05,0.011044346779992137,0.0017435792470305274,-0.07963787489549466,0.18278266120132258,1.0203140971568474,0.9938536287835467,0.0011554016305561632,0.021204255046857506,0.03845118637425285,-0.09963611159244501,SRTX,0.6988288555779472,HRND,0.20057188124866973,0.004291642455496773,0.0035667845207507654,0.01804719013248726,0.0023098378871444507,0.6576962308676388,0.5490196078431373,0.021076699693862944,0.053252645544579646,0.013983868124686891,0.23342265633488732,0.2680009827386181,10.771811845423441
ALGO,347,0,103.53,-0.003759946584322549,-6.426949703848272e-05,0.011053815355298187,-0.005814236530346765,-0.056707292714133044,0.16938783407376867,1.0172107427578432,0.993767856471327,-0.0038561698223089635,0.01841798898531842,0.034691239789930474,-0.10301507537688448,SRTX,0.696278261450285,HRND,0.20359058576167693,-0.0024381636827279264,-0.003759946584322549,0.01959580436369653,0.18459798959668092,0.4367815268507793,0.43137254901960786,0.027410153340952315,0.05371521660812406,0.015769443634680386,0.23373886063822563,0.26793216102069617,10.7626667308886
ALGO,348,0,102.54,-0.009608459422467241,-0.0006033408008239298,0.010706274782326438,-0.05635394318665393,-0.08777883809409243,0.21318412486232674,1.016753543303343,0.9933594609212143,-0.036200448049435785,0.018451331794068868,0.025082780367463243,-0.11159244498353837,SRTX,0.6762527801086979,HRND,0.2023028746946971,-0.009924637065379618,-0.010097364450609714,0.01785635340509075,0.9051607148079374,2.1392259206319126,0.17647058823529413,0.017240139379435693,0.06140421840483157,0.01651449711468504,0.22232642700029687,0.257324420473662,11.365074138708028
ALGO,349,0,103.23,0.0067065421219441035,-0.00029286845080528736,0.010642398555180916,-0.027519026776413442,-0.15315878787897377,0.28851452618313145,1.0184179892890741,0.9933930243806037,-0.017572107048317243,0.017942594701259675,0.031789322489407336,-0.10561427828799164,SRTX,0.6688543622380875,HRET,0.19108447364603803,0.005676868913338085,0.005915718509097445,0.022495023425527574,0.32506977124745196,0.7252910514573898,0.6078431372549019,0.026007316570771932,0.07755827862775422,0.017261609349885684,0.21808608903683455,0.2536085713640638,11.61454595486065
ALGO,350,0,101.45,-0.017393442205674958,-0.00042816405425922057,0.010808830454419983,-0.03961243134164754,-0.16671298683343155,0.17967842932057776,1.023550032257231,0.9937023446000192,-0.025689843255553235,0.01622291190759611,0.01439588028373234,-0.12103621556056143,SRTX,0.6697844594320301,HRET,0.24985075994586203,-0.01706713186594043,-0.01692668893431204,0.014776938236187991,0.6066259886102505,1.3797534494409653,0.09803921568627451,0.020464156771571318,0.04383626762001036,0.019196463833119886,0.22395147206546978,0.25809471764365793,11.360690412889877
ALGO,351,0,100.51,-0.009308841235174725,-0.00041918573353420346,0.010801094632304331,-0.03880956030886782,-0.16776792276409114,0.1875675203026299,1.0192470833055365,0.9936980197455586,-0.025151144012052207,0.015709126729235093,0.005087039048557209,-0.12918038468203086,ILVX,0.6870023480330067,HRND,0.24317011171442296,-0.009224185065876401,-0.008092982430167428,0.020840689137140288,0.3037595007916903,1.4586304387731603,0.2549019607843137,0.024102216399549903,0.06202594794955951,0.017039888620098698,0.22343496177651131,0.2574127537489721,11.406306853103871
ALGO,352,0,102.62,0.02077562047717052,-0.00019376308142106483,0.011100851654238221,-0.017454794231673888,-0.10131619580908902,0.09164517839156527,1.0304463200683567,0.993944445540646,-0.01162578488526389,0.01856909136509394,0.02586265952572737,-0.11089932420724313,ILVX,0.696438542568915,ELLT,0.23430742584415162,0.018531795620247465,0.019834367534075525,0.02125773720361395,-0.12842111564463873,-0.12085707550127012,0.8431372549019608,0.01958086706886797,0.07886779246504871,0.0235727185723902,0.2295901905406943,0.2648163699847597,10.975004531870814
ALGO,353,0,101.55,-0.010481557487425519,-0.0005234509910076124,0.011107865926075587,-0.047124352642645535,-0.03386057791410899,0.07708329197361419,1.0389312665411128,0.9940518014212634,-0.03140705946045674,0.0185228485396843,0.015381102038302391,-0.12016981459019238,ILVX,0.6837042317655472,ELLT,0.2260241267087941,-0.009227770756890416,-0.007902907716954566,0.020809123431572787,-0.19826800585553472,-0.6964072872191363,0.37254901960784315,0.030946389547644948,0.0652591297517422,0.017994921726644648,0.22721858895091485,0.26144715665867285,11.147199425496954
ALGO,354,0,103.13,0.01543904030158405,-0.00011755850146991284,0.011240214418497745,-0.010458741896991725,-0.08728449889373265,0.0026692921321895824,1.0410395319007608,0.9941959112285197,-0.00705351008819477,0.019398147563436653,0.03082014233988615,-0.1064806792583608,ILVX,0.6872297916751245,ELLT,0.26531111085564435,0.014731612143717033,0.009407407101895249,0.020968160605846838,1.0790279390483486,1.6005940655729942,0.7843137254901961,0.020734692961472678,0.06863702327471488,0.018237999502329964,0.23284644280171304,0.2657629325084083,10.898719688334928
ALGO,355,0,103.66,0.005125984433583142,-5.13710032334765e-05,0.011259508942606125,-0.004562455032038562,-0.10333438838031962,-0.01569508497080463,1.0408205262220176,0.9942181865903308,-0.0030822601940085903,0.019575670138981746,0.03594612677346909,-0.10188875411540466,ILVX,0.6849044858403143,CCNS,0.2622531820288785,0.004857489629940333,0.008572037682780476,0.020999745974503096,-1.6979861777655527,8.420528080264319,0.6078431372549019,0.021887653173487953,0.047252449877155156,0.015368545359450213,0.23353519830496805,0.2664153080844588,10.859221996438652
ALGO,356,0,104.97,0.012558282286145861,-0.00011235108610604763,0.011179531435348802,-0.010049713331526785,-0.11751035676450894,0.01850250315237556,1.0363188689466785,0.9940738757649267,-0.0067410651663628585,0.018966313172459386,0.048504409059615054,-0.09053890140356957,ILVX,0.6955397479310852,ELLT,0.2739793775122833,0.012987703184684231,0.01489139089280922,0.02002046822762674,0.06743400911691225,0.4101171602775553,0.7647058823529411,0.02634854018652666,0.05801558377036997,0.018846789850619546,0.22961806494756265,0.26243112184147616,11.0699104136089
ALGO,357,0,107.31,0.02204724689132931,0.00023146348055672246,0.011538840542591572,0.020059509419716515,-0.07522577751906517,-0.10022971662730429,1.039700657643625,0.9944088976819401,0.013887808833403348,0.021154785814562545,0.07055165595094465,-0.07026511869693297,ILVX,0.7175007374413199,ELLT,0.2902100390814183,0.020165273266519693,0.01874247022112563,0.02288694242674905,0.1574862546814019,0.5910725508544399,0.8431372549019608,0.02749328756501379,0.07382129646870217,0.02431947410572376,0.2404773700025453,0.27233601722797235,10.516792179061548
ALGO,358,0,107.84,0.004926805224960695,0.00014435480230980957,0.011482258405609605,0.012571986904534885,-0.0629128323319453,-0.05185675386261135,1.0414906304896296,0.994302517792716,0.008661288138588574,0.01983147004490543,0.07547846117590556,-0.06567319355397672,ILVX,0.7342535984573004,FARS,0.2805074965603907,0.005355638202386348,0.005448255180706685,0.023316755319866524,-0.38402176511079555,1.234890597628909,0.6470588235294118,0.025581849563875547,0.06864530557617043,0.01812222237941685,0.2390418818883696,0.2711823941597267,10.561993051274172
ALGO,359,0,109.35,0.013905099958780198,0.00045580283692054914,0.011599214261164417,0.03929600976909553,-0.11376021935427673,-0.1304400365956484,1.0419680703605179,0.9944195768004522,0.027348170215232948,0.020633138716714468,0.0893835611346854,-0.05259053890140364,ILVX,0.7415025077051055,CCNS,0.2676843089573458,0.013112601061258843,0.017372456866714625,0.021032099451328525,-0.45733576090108646,1.2182956045336768,0.7450980392156863,0.025874343381356635,0.059575349117183984,0.021195642570068594,0.24445406961275618,0.2772509972402038,10.219817775803996
ALGO,360,0,109.77,0.003833520576447924,0.0005118646059956007,0.01160740903262822,0.04409809325722548,-0.12807663016031867,-0.13635542947306245,1.0528631325817237,0.994235719062895,0.030711876359736046,0.023548723936243347,0.09321708171113367,-0.04895165482585351,ILVX,0.7443896085862254,CCNS,0.26912897554535936,0.0014532800584792227,0.0006628552732550475,0.019721562565124067,0.7542249538551569,1.826556223907648,0.5098039215686274,0.02020598972179921,0.05834579291226394,0.01470279367748516,0.24487883323738596,0.27763522225925236,10.192636155773808
ALGO,361,0,108.56,-0.011084252172611109,0.0004134627153208855,0.011681271965372013,0.03539535048465229,-0.1146429687476927,-0.1995198953037809,1.0535868553888605,0.9947039634283834,0.02480776291925313,0.02073535693861448,0.08213282953852244,-0.05943510656731932,ILVX,0.7307294403334451,CCNS,0.26093020617154766,-0.01092153212374524,-0.008097210232619112,0.02217461607141695,-0.8551548201937802,0.8715627697860153,0.3333333333333333,0.02353995729934022,0.07119325500913964,0.017913606133231064,0.24734657290809625,0.2797915976061506,10.084206571436882
ALGO,362,0,109.8,0.0113575135488162,0.0005603157674991384,0.01176363539442318,0.04763117426818319,-0.13698241028070024,-0.2612105004507468,1.0460810366718405,0.9949493797394355,0.033618946049948306,0.015652351847839058,0.09349034308733876,-0.04869173453474274,ILVX,0.7205836643937106,CCNS,0.2652818795836355,0.013161499903842905,0.013403617224644115,0.024109147595290033,-0.3187338856850029,1.368700842002296,0.7450980392156863,0.02606164668947697,0.07680876802008285,0.022196421482065222,0.2531951990601833,0.2856180592520068,9.768184303995668
ALGO,363,0,108.83,-0.00887349736745957,0.00024218730255318733,0.011756232207197652,0.020600758668658334,-0.07200893472987206,-0.26786270160630643,1.0418085730862405,0.9948151276513681,0.01453123815319124,0.01677873710999201,0.08461684571987896,-0.05709582394732282,ILVX,0.7195984405125181,CCNS,0.2421372335197407,-0.010316127019691907,-0.011337049395478083,0.019579491076033444,0.3754335590874314,1.8030521187549216,0.29411764705882354,0.023117113361619035,0.054823784897587435,0.01725182018365696,0.25525881638531955,0.288120541555463,9.65256531575416
ALGO,364,0,107.23,-0.014810971475916368,0.00023321349041250568,0.011767699338738525,0.01981810409149234,-0.07323104973460942,-0.27254573755775446,1.0476539999155203,0.9946838693777383,0.013992809424750341,0.014207253633581189,0.06980587424396294,-0.07095823947322821,ILVX,0.722235882107489,CCNS,0.25796754261711125,-0.012945768990585124,-0.011267724846342198,0.025105889627224865,-0.49235808166959066,1.619933698508465,0.3137254901960784,0.0267584129699463,0.07559939569481555,0.0206123237903071,0.25226696351781636,0.2845407289835726,9.837368703753187
ALGO,365,0,106.59,-0.005986361531008733,0.0001381700486745648,0.011794942881821311,0.011714346568605793,-0.05028600875362935,-0.2998349898851127,1.0489603694193295,0.9949462531109753,0.008290202920473888,0.011758321804827325,0.06381951271295411,-0.07650320568359037,ILVX,0.7249404281863445,CCNS,0.25522795184145564,-0.005679005582203878,-0.004694844304208079,0.017114621090513475,-0.24606805947517557,0.21366479818016115,0.4117647058823529,0.021869868541788184,0.05456011483851664,0.01398827981824907,0.2537765878515395,0.2858323187190866,9.766137253719668
ALGO,366,0,106.32,-0.0025362842960552356,3.138141892418863e-05,0.01178957754697475,0.0026617933339130734,-0.02300446825381855,-0.2962029313817185,1.0495746538337831,0.9949450214859278,0.0018828851354513176,0.011007498239988657,0.06128322841689845,-0.07884248830358698,ILVX,0.7312691754119897,CCNS,0.2523396279634731,-0.0024155062441601123,-0.0007034822660862972,0.018978772249112125,0.5133045917257792,1.003591773180113,0.43137254901960786,0.025481024390962004,0.056751116021259485,0.014627255346114325,0.25333998986939266,0.2856421536773566,9.768050651215026
ALGO,367,0,105.56,-0.007173902769866736,3.1580609600290186e-06,0.011805013055490463,0.0002675186334131344,-0.017696707582200023,-0.30965214996486434,1.050284570318076,0.9949385098580912,0.00018948365760174113,0.009410573316442005,0.05410932564703204,-0.085427135678392,ILVX,0.7382300084799377,CCNS,0.23969550957177183,-0.006247463880281455,-0.0049124054903053604,0.01741657171373751,-0.5931246514883693,1.0548209205274635,0.3333333333333333,0.020958410447905695,0.04770068049647325,0.014045370489814855,0.253571723161523,0.2857467455973344,9.731007941046105
ALGO,368,0,106.63,0.010085386394965035,0.0002456350554900825,0.011861000495286345,0.02070947181797183,-0.06919548289471474,-0.3503695195157417,1.0534725157243992,0.9947806306274461,0.01473810332940495,0.011311569211133606,0.06419471204199682,-0.07615664529544275,ILVX,0.7413468007322377,CCNS,0.22532675515482525,0.007754245197936934,0.0068526944620406205,0.020856725184594093,0.0576437662139811,1.131334295701567,0.6274509803921569,0.023453970316983375,0.06316980253418825,0.016843347342614695,0.255685936680243,0.28811919746554526,9.638906031607819
ALGO,369,0,106.12,-0.004794368760549617,-6.42684392261265e-05,0.0117431836437952,-0.005472829274886143,-0.017726683770777983,-0.275251567488783,1.0440075617648241,0.9946674706997107,-0.00385610635356759,0.010989924656998933,0.05940034328144767,-0.08057529024432508,ILVX,0.7409979167271996,CCNS,0.21235213922380336,-0.005154596700670842,-0.005748243457694979,0.019555234799625242,-0.10070722106511854,-0.20116507422069319,0.43137254901960786,0.021796571803523568,0.06541808442414965,0.015891908118548872,0.25212443913412413,0.28518805414072224,9.787742812891299
ALGO,370,0,105.74,-0.003587278462235055,7.74129707468744e-05,0.011646540552675723,0.006646863967608754,-0.0371189143207968,-0.19855235830922036,1.0451829495040985,0.994580563546091,0.004644778244812464,0.012201885494742874,0.055813064819212686,-0.0838676139317277,ILVX,0.7307437751660067,CCNS,0.19419161841379504,-0.004106654757295449,-0.005063301956546695,0.018988119773123296,0.33630074273795996,-0.5799673012601909,0.39215686274509803,0.028180950922545023,0.05865854850723795,0.016265387065135598,0.2478051273908082,0.28070060600653374,10.026178817658524
ALGO,371,0,105.03,-0.006737227172619598,-5.22838966723634e-05,0.01167887207667207,-0.004476793334931523,-0.005838770074951058,-0.2301193230309595,1.041991973887821,0.9940895595778229,-0.003137033800341804,0.015009516190787775,0.049075837646592645,-0.09001906082134814,ILVX,0.7435946471261436,CCNS,0.20081421573060412,-0.00956081538378952,-0.009280809074472707,0.018197868457509665,0.23399008417838385,-0.20795037567946473,0.23529411764705882,0.02003473068310213,0.059564147912548604,0.016541900840579847,0.24888430335445746,0.28231773124505155,9.949996850303412
ALGO,372,0,105.26,0.0021874562909491857,-0.00025143477673319483,0.011533798565182475,-0.021799823823194793,0.015015276292446965,-0.12378579837929671,1.0407947289460275,0.9939095816391365,-0.015086086603991689,0.017044349588916805,0.05126329393754151,-0.08802633858949915,ILVX,0.7396003872296883,CCNS,0.23439834570871673,0.0005560113326743729,-0.0027956406242677367,0.02405224610497443,0.5469826957271989,-0.37636501005772605,0.4117647058823529,0.032104170437575075,0.08109313424031561,0.01909942058782817,0.24293458836546253,0.27685508233574146,10.225967690992974
ALGO,373,0,105.95,0.006533804788674935,-0.00038101340485396186,0.011410463332813231,-0.03339158049421851,0.01801046621744402,-0.03780173417576904,1.0229295431795813,0.9932900397458099,-0.022860804291237713,0.012131683140245257,0.057797098726216814,-0.08204817189395253,ILVX,0.7363784221562992,CCNS,0.2704211457722763,0.00918753809543303,0.006533804788674935,0.018837317718847384,-0.452238207905699,0.474633968976542,0.6862745098039216,0.025789433186838462,0.050384984980551106,0.01646602592417541,0.24405993402449436,0.27778376249528186,10.19030185384381
ALGO,374,0,106.39,0.00414430281396605,3.136075187533116e-05,0.011110587865767574,0.002822600590915232,0.011091284873187134,0.09692182775651448,1.0226708131919247,0.9929136646366342,0.0018816451125198697,0.01265790167739243,0.06194140154018336,-0.07823600762432859,ILVX,0.7295835838762332,ELLT,0.25600370879793977,0.005298235720750835,0.004311196173834908,0.021861401327101935,-0.46742926232474374,1.2952279029654052,0.6666666666666666,0.025857081448042996,0.06929498316514282,0.01682024524669144,0.23371304954353456,0.2676360610421565,10.73519493587005
ALGO,375,0,105.77,-0.00584466218831281,-6.605028459654901e-05,0.011136458622317522,-0.005930995376230635,0.0355852424257366,0.06905257233836526,1.0260362436406663,0.9926514786204966,-0.003963017075792941,0.010052062643635748,0.056096739351870005,-0.08360769364061693,ILVX,0.7338056214924492,ELLT,0.2487733158509328,-0.0038425121628274613,-0.004339656745484977,0.02028716138840164,-0.15486426410913273,-0.5106239469241327,0.45098039215686275,0.028143236175407482,0.0660419768795879,0.016799116555891773,0.2337019384852605,0.26776375158356014,10.725235728585176
ALGO,376,0,104.46,-0.012462702331808906,-0.0002108628998421717,0.0112414880658943,-0.018757561152594332,0.051693834935061224,-0.02062370815390757,1.0281740416855234,0.9929540015628437,-0.012651773990530302,0.007978493350491923,0.04363403702006128,-0.09495754635245202,ILVX,0.7396499162571774,CCNS,0.2573804350952908,-0.012020680342476327,-0.010043492374139262,0.02207025290391558,-0.8723300887867294,1.3983186310224829,0.29411764705882354,0.028067557691077605,0.06868839978956132,0.018491830661055076,0.23546069451002358,0.2693314651368034,10.638592389010842
ALGO,377,0,103.88,-0.005567836213605126,-7.523744547769755e-05,0.011124399921861601,-0.006763281256172874,0.04484483590484177,0.07064977755683532,1.028183375808548,0.9928609758044247,-0.004514246728661853,0.008578748516720795,0.03806620080645628,-0.09998267198059263,ILVX,0.7321479578354633,ELLT,0.2557384486301918,-0.004855384716234313,-0.006832961330899057,0.022241570245459537,0.14796680152316247,1.2603906280799713,0.37254901960784315,0.022449735620504674,0.06938985820097243,0.01693242379621733,0.23245191738426277,0.2672787129534598,10.761710448973488
ALGO,378,0,104.03,0.0014429322882563156,7.70788540201739e-05,0.011080766853420757,0.006956093837167849,0.008462833250340494,0.11587325766240486,1.0269646370825922,0.9923718361259284,0.0046247312412104336,0.00607278737562021,0.03950913309471249,-0.098683070525039,ILVX,0.7362596840697133,ELLT,0.2473703461346503,0.0037443009580383772,0.008627593532004596,0.02573199150867117,-1.4852270888323074,3.2392222533235913,0.6470588235294118,0.02767953467439832,0.07145884727214602,0.019793470354087375,0.23070731584156706,0.2661191275838078,10.809401078701146
ALGO,379,0,104.76,0.006992700556707199,0.0001968432310248236,0.01111657217054515,0.017707187791789463,-0.020833378577030194,0.0768872945634409,1.0265648175871198,0.9925371058027341,0.011810593861489416,0.0053702146845644155,0.04650183365141986,-0.09235834344134464,ILVX,0.72107497539979,CCNS,0.23515106750909423,0.006236929474846122,0.006367025213394939,0.016328283132589206,0.5465014091334317,2.865832760075487,0.6274509803921569,0.01908898473755194,0.042404368167824336,0.013257398506572395,0.23371890412588697,0.2686046772058027,10.658581970359913
ALGO,380,0,104.91,0.0014308201038835122,-6.817290519747962e-05,0.010888350777510322,-0.00626108642075432,-0.014927628918881624,0.23624833702420744,1.0271139718025541,0.992245056900939,-0.004090374311848777,0.006610872618352049,0.04793265375530272,-0.09105874198579111,ILVX,0.7043648935177382,CCNS,0.22887610927588203,0.0006057408303065093,0.0014308201038835122,0.019835700025002668,-0.7910405164227279,0.9607619136258476,0.5294117647058824,0.028431883023981808,0.05403998552077005,0.01521661994977033,0.2252517223913859,0.26135428629785656,11.036488781168073
ALGO,381,0,104.94,0.00028591851517134614,-0.0002959402775509693,0.010731912910250887,-0.02757572485221099,0.011193579085421717,0.38194621934430995,1.024363296028658,0.9917050671378019,-0.01775641665305816,0.00747158642300386,0.04821857227047423,-0.09079882169468034,ILVX,0.7193017289243241,CCNS,0.17479737761033237,-0.0021449202930324666,0.00028591851517134614,0.024731657147465447,0.12575802302962036,-0.19235103009883492,0.5098039215686274,0.03180078859917268,0.08268056049911077,0.019408031410638266,0.21996770509543845,0.25670706242559865,11.282397672925223
ALGO,382,0,103.33,-0.015461008032302104,-0.0003732213371112625,0.01082530085938502,-0.034476763459899355,0.0009871637159072492,0.3165084239591116,1.0002212186122168,0.9916809247169064,-0.02239328022667575,0.00821893867424808,0.032757564238172075,-0.10474787731762258,ILVX,0.7305024522753103,CCNS,0.1741492194672894,-0.01703139679222108,-0.01453156966792779,0.02315041595433932,-0.833765552597173,0.5016502395628151,0.21568627450980393,0.02658927587170057,0.07231097865359559,0.020877728615672265,0.22426892970836906,0.25980269560340985,11.145510181878304
ALGO,383,0,102.02,-0.012758877731482876,-0.0008083454986333856,0.01078903875169936,-0.07492284690386015,0.06363157805455265,0.347138963008526,0.9909098549627061,0.991654662236551,-0.04850072991800314,0.010110939798086777,0.019998686506689123,-0.11609773002945767,ILVX,0.7237817119218067,CCNS,0.13526663976953404,-0.013791055862013481,-0.01683171825980212,0.017034181791303678,0.6504393516220699,1.5035722317846627,0.17647058823529413,0.01909728271129474,0.05325785617115231,0.018088125759146624,0.22343922823562012,0.26010972073809246,11.121741655640905
ALGO,384,0,101.99,-0.000294103232354459,-0.0006474550612546685,0.010722212562062735,-0.06038446426118149,0.029116606358162593,0.4220925764205177,0.9856205790065249,0.9913395796013011,-0.03884730367528011,0.007705075856707759,0.01970458327433543,-0.11635765032056844,ILVX,0.7206262838595312,CCNS,0.1198487687627321,0.0013695072842812889,-0.0005681818334677402,0.018977184238497077,1.279503966483313,3.4101786311890026,0.45098039215686275,0.01847081286684582,0.0601306773589827,0.012987592584359142,0.2210925601707554,0.258321758288375,11.213971801051036
ALGO,385,0,101.26,-0.007183302720663143,-0.0007357094427311583,0.010754341350609015,-0.0684104603662683,0.05041631523037376,0.3833721804043271,0.9872031114519081,0.9913748324616559,-0.0441425665638695,0.00742068533660388,0.012521280553671691,-0.12268237740426269,ILVX,0.6921035795288155,CCNS,0.10473942731007849,-0.006492970652429316,-0.006114027317694948,0.020682136173904474,-0.5615797108726746,0.5442814325456831,0.37254901960784315,0.02370455716481934,0.07494081476025238,0.016259154778211035,0.22154556319360164,0.2584978220109892,11.191473884915021
ALGO,386,0,101.23,-0.0002963109311027168,-0.0006569710588211504,0.010739722162500617,-0.061172072133771335,0.028983867693573605,0.4009563094541795,0.9825097596947998,0.9904078000796873,-0.039418263529269026,0.00482671275941543,0.012224969622568948,-0.12294229769537335,ILVX,0.6871949164090297,CCNS,0.10987906227601085,0.003220385985657158,0.009679860476295765,0.02610694960406448,-1.057323500282119,2.050608490549074,0.6078431372549019,0.02864434190632492,0.0829512479611223,0.019843036418524675,0.22157421362968374,0.2591059168416288,11.149507831296374
ALGO,387,0,101.69,0.004533814192385854,-0.0004015868365551789,0.010676700773066749,-0.03761338311252757,-0.027747282160118947,0.470621154170511,0.9559046592661602,0.9903049828083571,-0.024095210193310734,0.005269292873637539,0.016758783814954624,-0.11895685323167571,ILVX,0.6770101722753697,CCNS,0.11008045764349697,0.004661720909141063,0.003205497879279484,0.01775774121102766,0.10393749294329374,-0.2355454516483797,0.5882352941176471,0.018174855751318164,0.06212483107115041,0.013948518744745496,0.22105174271291644,0.2574609474092387,11.245248652931567
ALGO,388,0,101.25,-0.004336263816397512,-0.0004434311161486774,0.010687291056320675,-0.041491441920300604,-0.016347284894821196,0.45621961705298775,0.9560014144543366,0.9907118371504314,-0.026605866968920644,0.003119316894242684,0.01242251999855711,-0.12276901750129965,ILVX,0.6854873899910254,CCNS,0.11118153526254991,-0.004472949399549627,-0.006314860858674276,0.025137390054660022,-0.45859259956847465,1.8911736339221754,0.37254901960784315,0.022391737712298188,0.08452123294501335,0.018150508305764687,0.22053203446766376,0.2571202984295611,11.236222925706489
ALGO,389,0,99.75,-0.014925650216675912,-0.0006873826422341504,0.010849520149506901,-0.06335604089047119,0.012467213760282071,0.30221534437043696,0.9575615996120895,0.9906600283184869,-0.04124295853404902,0.00043137926063417653,-0.002503130218118477,-0.13576503205683588,ILVX,0.6904075688930938,CCNS,0.13683768463254506,-0.0125707216392654,-0.009427679255558985,0.02407950963819392,-0.854570298375317,1.1519779586672012,0.29411764705882354,0.023367544785621197,0.07903260240569132,0.019548211463156905,0.22328903319948895,0.2587040837128153,11.13782694705804
ALGO,390,0,100.82,0.010669692884511583,-0.0008318941401688651,0.01063383783909836,-0.07823084692058847,-0.04035912834416962,0.37640756102140616,0.955703493796132,0.9905074720436586,-0.049913648410131906,0.0015377254526382084,0.008166562666393401,-0.12649454167388674,ILVX,0.6964754968718893,CCNS,0.12394371931170672,0.010840897120428615,0.01549005914931989,0.017636634925825814,-0.2194781598670991,-0.04385750274055944,0.6470588235294118,0.025614587982679682,0.05015026694437297,0.01697391890584807,0.2127150101420078,0.24993228961644293,11.636653027116084
ALGO,391,0,99.85,-0.009667688792660556,-0.0007905009669111192,0.010593787682055458,-0.07461929487695211,-0.04172912972272843,0.41539078310072197,0.9531708939620932,0.9904128943761673,-0.047430058014667154,0.0019339140513822475,-0.0015011261262672026,-0.13489863108646682,ILVX,0.6883981361119017,CCNS,0.12267051314058176,-0.010050876153312474,-0.010431524945852644,0.018467423440783438,0.41474404863702846,0.9143552945859312,0.3333333333333333,0.02352437979505062,0.0567131313451843,0.01624792584318432,0.2135775646103487,0.25017553519568114,11.64090363864353
ALGO,392,0,100.39,0.005393540841611255,-0.0007847638341547559,0.010597096566050058,-0.07405460819040807,-0.04282014249095323,0.4114716111980634,0.9685523489455724,0.9903635710341439,-0.04708583004928535,0.0026624511622622346,0.0038924147153438535,-0.13022006584647372,ILVX,0.6883070620103063,CCNS,0.12129308159089564,0.0043554828781438406,0.0010993954433002884,0.023243993397763653,0.6578459724863157,0.4540349516879836,0.5490196078431373,0.023463471184642426,0.08129590541457299,0.01745954669550536,0.2141028542768623,0.2506990163569801,11.60937053532657
ALGO,393,0,98.26,-0.021445573962933118,-0.0012888393880575056,0.010849810338852661,-0.11878911684218409,-0.028764171247411888,0.3055251501052858,0.9693172890955817,0.9906738037904566,-0.07733036328345033,0.0030978031194555666,-0.017553159247589156,-0.14867440651533526,ILVX,0.7121138847505925,CCNS,0.1297243198279974,-0.022348522194296623,-0.020619287202735315,0.018869918227534872,-0.37123890337906706,-0.036237465449243,0.09803921568627451,0.02474789452816606,0.053386920972261054,0.023756507098312705,0.22537887393318767,0.26236057088662756,10.941131895014967
ALGO,394,0,97.64,-0.006329781215742791,-0.001425705347500994,0.010860920845560038,-0.1312692880994363,0.008245332594971061,0.2914954785601087,0.9590646275030322,0.9908927970445804,-0.08554232085005964,0.004221282295988366,-0.023882940463332003,-0.1540460925316236,ILVX,0.7079971179306023,CCNS,0.13388440630989787,-0.005926153097463223,-0.0062029441246074235,0.01789097311941537,-0.1472484590008248,-0.4639552549892447,0.4117647058823529,0.024493958157144835,0.05601392787670845,0.014982716920660992,0.22680434454634013,0.26325078495631826,10.895223029491543
ALGO,395,0,97.48,-0.0016400167677534938,-0.0014499046553197706,0.01085973399023015,-0.13351198626266192,0.015137533732880648,0.2931123010194261,0.9588347475177297,0.9911937626441926,-0.08699427931918624,0.0025195409756846726,-0.025522957231085892,-0.1554323340842142,ILVX,0.7066630955086504,CCNS,0.13306911577367703,-0.002052434642171382,-0.0028954754328189836,0.018711419709425834,-0.23179598332959145,-0.1771559938267102,0.45098039215686275,0.024087881735791683,0.06014046462453737,0.015003024494469854,0.2261154371362753,0.2625681221044205,10.92937131559385
ALGO,396,0,95.32,-0.02240757652646419,-0.0017982685820830586,0.011191730425431996,-0.16067833245846308,-0.004672906489395081,0.12505710634161504,0.9532447385507308,0.9915466824727361,-0.10789611492498352,0.0029218923862031343,-0.04793053375755006,-0.1741465950441865,ILVX,0.714399517411694,CCNS,0.1364059437243465,-0.023829691297940665,-0.026781022677642152,0.017511122444705124,0.20549913976869644,1.0069198330540283,0.11764705882352941,0.021764585133366765,0.05156168726664112,0.025749916669030634,0.2404455258037088,0.2763045973944519,10.203805005479653
ALGO,397,0,95.93,0.006379106599315065,-0.001638496016280729,0.011239599766942448,-0.14577885781127378,-0.041945474177783985,0.07593277518901775,0.9552082964395954,0.9916359253545457,-0.09830976097684374,0.0037871673157084673,-0.041551427158235114,-0.168861549124935,ILVX,0.7154012771105606,CCNS,0.13468518474332977,0.006007178883484874,0.006379106599315065,0.018831679536571867,0.5488041579333781,1.0484753426263254,0.6274509803921569,0.019742170741846143,0.06209459216597213,0.014653232806982216,0.24176375021311153,0.27747206145516284,10.141570380556331
ALGO,398,0,95.81,-0.0012516951670749066,-0.0016546328208881355,0.011238316353878019,-0.14723137957556867,-0.03753370032054071,0.07716231540230511,0.9416284230127652,0.9915918821756355,-0.09927796925328813,0.004128108662210084,-0.042803122325309334,-0.16990123028937787,ILVX,0.7143031585155403,CCNS,0.13720149679691346,-0.0023422950934619503,-0.002725725708025095,0.01939195619872174,0.6047400505488542,0.007474876170412426,0.45098039215686275,0.026512337136444408,0.0620964721093995,0.016008905047935017,0.24154731279528616,0.27698834095679553,10.161967080126411
ALGO,399,0,96.49,0.007072312369510669,-0.0018781975181987912,0.010919295620569655,-0.1720072048109644,-0.11459316864175118,0.14986654624910223,0.9487122112784008,0.9916310877075571,-0.11269185109192748,0.002049906253350081,-0.03573080995579895,-0.1640097036908682,ILVX,0.696635733688805,CCNS,0.13044749278679324,0.005896713414994955,0.005171533677274631,0.019792115323327777,0.8659535418354043,1.328914640767226,0.5098039215686274,0.021232816764057638,0.0684221415872368,0.014838818919751886,0.2357574654411237,0.2719507648207144,10.43391623724486
ALGO,400,0,97.28,0.008154042185564592,-0.0015295246635371887,0.010899720143195077,-0.1403269665131818,-0.18337349669447722,0.18679379468566282,0.9517361117024866,0.9916028832454488,-0.09177147981223133,0.0020026389803258354,-0.027576767770234493,-0.1571651360249523,ILVX,0.6969773750353189,CCNS,0.12275262977197522,0.008101407363350365,0.00941429547240702,0.02179209645142351,-1.5659235195780767,4.745900408168063,0.7254901960784313,0.022147814289212864,0.0627292294460986,0.017788300150223528,0.23626748452078977,0.2725244270385193,10.394837167998096
ALGO,401,0,96.81,-0.004843123485876788,-0.001071768001973883,0.010135096573440562,-0.10574817854054742,0.12211399571635954,-0.3164390568041364,0.959596611265511,0.9901598958434245,-0.06430608011843297,0.0014223445701880832,-0.032419891256111145,-0.161237220585687,ILVX,0.6891437046721941,CCNS,0.10217623051596939,-0.0035760123180999972,-0.002208318895228434,0.02195192439182382,-0.1861246774963183,-0.3139340775941206,0.47058823529411764,0.03187517271484097,0.07186028590964733,0.017599015417635547,0.2104326547910939,0.2509225188557524,11.636141830408532
ALGO,402,0,96.57,-0.0024821607531535506,-0.0008462566860925799,0.009945779305352906,-0.08508701632230237,0.11823370381354668,-0.20421262076534896,0.9569712215199189,0.989792877921248,-0.05077540116555479,0.001700679644478613,-0.034902052009264994,-0.16331658291457296,ILVX,0.6778471964361001,CCNS,0.1254941063430721,-0.0020952403491239033,-0.001948052564108682,0.02024075332815819,0.08335888064371001,1.1955632284015074,0.39215686274509803,0.024439134320939138,0.065904367700506,0.015038906767538749,0.2046753163218369,0.24578332136942022,11.941987169634954
ALGO,403,0,99.11,0.025962210439790745,-0.0007175228533040349,0.010242547400182598,-0.07005316404893995,0.2702107281005513,0.10682052817022392,1.0094166678421428,0.989701865571316,-0.043051371198242094,0.0031937593904677736,-0.008939841569474296,-0.14130999826719803,ILVX,0.6814561971256384,CCNS,0.10330456750114433,0.0219973445559281,0.02202987641730081,0.023871275119372173,0.8547892217211271,2.305616757718985,0.8235294117647058,0.032586461263838906,0.06620896774043983,0.025303859049110214,0.2097565069117281,0.24956861971874844,11.66884487907727
ALGO,404,0,97.47,-0.016685706069498707,-0.0010101086089036335,0.010445179650910429,-0.09670571906492674,0.27903642673233175,-0.008580354176106919,1.0225095575437395,0.9900769110676085,-0.060606516534218,0.0027905416044777392,-0.02562554763897273,-0.15551897418125116,ILVX,0.6730170152312701,CCNS,0.09832023919463326,-0.014087816537579134,-0.016114941392406656,0.01904618268105554,-0.7611796635734042,2.2081442750363083,0.23529411764705882,0.021429217646263377,0.05179119276437816,0.018529228543205895,0.215805037736234,0.2549487973182012,11.358555590355135
ALGO,405,0,97.38,-0.0009237875945640184,-0.0010238956181173099,0.010444499311877697,-0.0980320441931491,0.2831758700595273,-0.006172019428429376,1.0209748838299055,0.9901630644536296,-0.06143373708703859,0.00323841549963097,-0.026549335233536524,-0.15629873505458336,ILVX,0.667316060177519,CCNS,0.10415016288014045,-7.020436923975061e-05,0.001468866259850543,0.022732098526650295,0.31445892072695136,1.668670135573418,0.5294117647058824,0.022917052383230274,0.07137252432340113,0.016482515766391485,0.214723231374219,0.2538237038667054,11.430687859160756
ALGO,406,0,98.0,0.006346627916017589,-0.0009775648948628626,0.010471339308206472,-0.09335624279663417,0.2719096558692261,-0.039738388692006854,1.0103344482223235,0.9897142680950949,-0.058653893691771763,0.0015397712808455505,-0.020202707317519466,-0.1509270490382949,IHOZ,0.6820191837516868,CCNS,0.08285971166839234,0.008770130069548989,0.008533931293661645,0.0216673072209102,-1.4522216904060574,5.349701825669532,0.7647058823529411,0.02476772713147901,0.06217779198384865,0.017707054275242506,0.21735207040151136,0.2570480721153014,11.26102525730894
ALGO,407,0,96.13,-0.01926603659284787,-0.0012359997283382846,0.010729341287172435,-0.11519809979537102,0.24100173395115368,-0.14979255014196902,1.0085923956507592,0.9903296092635351,-0.07415998370029708,0.0028710729623524084,-0.039468743910366644,-0.1671287471841969,IHOZ,0.700330091854362,CCNS,0.09012695134151175,-0.019275555372760104,-0.018095224977954683,0.020500796675153105,-0.380898394252608,2.2698755888743474,0.09803921568627451,0.019543444413672617,0.06743030000729244,0.022797225485217447,0.2260111169816523,0.2656210621107009,10.791990367285825
ALGO,408,0,96.55,0.0043595667967988305,-0.0010031992913505168,0.010696084840298135,-0.09379126159984295,0.1866188115626731,-0.13836799535673938,1.0084057243965758,0.9900188685805165,-0.06019195748103101,0.0008350122719700676,-0.035109177113567896,-0.16348986310864677,IHOZ,0.6883363056918361,CCNS,0.11176268049387507,0.006079449844268783,0.0032159068791752787,0.021237520482884888,0.5317654056472744,1.3900373092840494,0.5686274509803921,0.027376367658298095,0.057104797030682164,0.01628649293837119,0.22461582748199727,0.26323188262347,10.928290838155823
ALGO,409,0,95.78,-0.008007113960060153,-0.0012484268927172545,0.010684991959403754,-0.11683929173372251,0.2469146112190672,-0.10666853991103675,1.0057478337828492,0.9900458136403414,-0.07490561356303527,0.00012602385758046786,-0.04311629107362808,-0.17016115058048864,SRNA,0.6753522868154428,CCNS,0.11848728239494076,-0.008327798754276559,-0.008007113960060153,0.017696273035005303,-0.16689368343425892,0.2151545533021082,0.3333333333333333,0.024062139469226196,0.057789338940763324,0.014970900202808328,0.22637858650911927,0.26484791402526076,10.839922097129643
ALGO,410,0,96.7,0.009559507544785184,-0.0007992110635429187,0.010560572959592512,-0.07567875972268809,0.20509752616397126,-0.09155739518626405,0.9997316910634474,0.9896503622849285,-0.047952663812575125,-0.0008201637661899852,-0.03355678352884264,-0.16219026165309303,IHOZ,0.6719543113906883,CCNS,0.12064458006933618,0.010832005508290155,0.012707548338881214,0.016991203160227543,-0.6562087602639061,0.4834423927604523,0.7843137254901961,0.022256024648014572,0.04984962359502809,0.0167559946290161,0.22361743477800045,0.2627078668592606,10.9740288438697
ALGO,411,0,95.05,-0.01721033352480994,-0.0009309026017035057,0.010716601209848842,-0.08686547007534266,0.1802192851889727,-0.1621137952565368,0.9998945021452061,0.9899505532623947,-0.05585415610221034,-0.001054802501131824,-0.05076711705365319,-0.176485877664183,IHOZ,0.6736618948132943,CCNS,0.13890498733824183,-0.01689103862056977,-0.013992990683205697,0.019214310036229684,-0.2124461330641315,-0.22714727155530579,0.17647058823529413,0.019753730057258112,0.0588194359293579,0.020643908407995577,0.22826745375674895,0.2661939581607695,10.74531520711499
ALGO,412,0,95.82,0.008068362520537775,-0.0011426902343140515,0.01040127871575982,-0.10986055325896316,0.11230723315091488,-0.12022577932967593,1.0024057653904705,0.9894600634767219,-0.06856141405884308,-0.004945054699773022,-0.04269875453311536,-0.16981459019234113,IHOZ,0.6670016205986433,CCNS,0.1766982160515325,0.00971478986225592,0.010433481483774543,0.016444760772135407,-0.11644640505524483,0.29608927532967755,0.7647058823529411,0.019020354943425355,0.052467008525152625,0.015540351182522918,0.22290859056090784,0.2602894925432846,11.05427773056449
ALGO,413,0,95.85,0.000313038036677149,-0.0009627803089123403,0.010330120501376366,-0.09320126602434707,0.07359281427411148,-0.055660555200044204,1.0074476207883636,0.989419505295457,-0.057766818534740416,-0.003628118025147377,-0.042385716496437964,-0.16955466990123036,IHOZ,0.6737215472223284,CCNS,0.17310599686202102,0.00024988809258659077,0.002551021791604935,0.017101746502962763,0.04256514983936186,-0.1757328253797925,0.5490196078431373,0.0242493696963908,0.050798723893493714,0.013848159899191805,0.2219272003100841,0.26015927147366874,11.074986730183474
ALGO,414,0,96.99,0.011823410913797794,-0.001023040798708778,0.010242997667568818,-0.09987708988237984,0.05586041007534167,-0.025356183508606023,1.0164483889976954,0.988852435580564,-0.06138244792252667,-0.002064232335726633,-0.03056230558263998,-0.15967769883902272,IHOZ,0.6776271143231078,CCNS,0.1799971399810012,0.009552097066510038,0.007655330474281463,0.02161090133914017,1.0953996208154728,2.6508219932539854,0.6862745098039216,0.022232310718452553,0.07047589215047045,0.01679313976070385,0.21650435131773368,0.2557036990573823,11.353753097339272
ALGO,415,0,96.36,-0.00651670265878046,-0.0012170855835815046,0.010234812376431575,-0.1189162574571639,0.10832700471578018,-0.009803492104618616,1.0158965089261518,0.9888362739341132,-0.07302513501489027,-0.002634138938624797,-0.03707900824142074,-0.16513602495234792,IHOZ,0.6641035988362142,CCNS,0.19555613192578764,-0.006215290859525122,-0.006958970324303149,0.017394647454187825,0.23269275781522739,0.047920880745424554,0.29411764705882354,0.020989499638515596,0.05802612246650396,0.015045857933280572,0.21662449212438367,0.2562301153721622,11.320956356189436
ALGO,416,0,96.73,0.0038324144477854816,-0.0013625167142208442,0.0100968188951278,-0.13494514741453112,0.11519939949187502,0.10779320469327258,1.021896037127164,0.9884470310503228,-0.08175100285325065,-0.0011282148032840944,-0.03324659379363568,-0.16193034136198226,IHOZ,0.6424584056012169,CCNS,0.17510554922241134,0.002755911210983158,0.0038324144477854816,0.019446559134362818,-0.04807154988588031,0.45489927323575285,0.5686274509803921,0.024576705109562225,0.06536180139780368,0.015298825792860637,0.21198379131847128,0.251032487356974,11.612838789912216
ALGO,417,0,93.8,-0.030758736182277424,-0.00224261643211429,0.010320660135567648,-0.2172938942525253,-0.23660727479641785,0.4370517816651498,1.0129800032440868,0.9891865075443508,-0.1345569859268574,-0.002307524957040591,-0.06400532997591243,-0.18731588979379665,IHOZ,0.6425945038400087,CCNS,0.15535451218276766,-0.03146139965333055,-0.031207552974603203,0.019322823172060008,-0.11635116562695386,-0.24503649078759793,0.0392156862745098,0.026156620089213156,0.061263845118419535,0.03219501747447781,0.22369713001122632,0.2610712518203789,11.030918001775168
ALGO,418,0,93.28,-0.005559133409996697,-0.0024173820760302464,0.010285922260793263,-0.23501850536480867,-0.1928026118849841,0.46570774253350056,1.013362136144206,0.9890921972385774,-0.14504292456181478,-0.0025287446920733148,-0.06956446338590916,-0.19182117483971584,IHOZ,0.6392186694570982,CCNS,0.17624833709120247,-0.004909080697538307,-0.0034820131350885575,0.017050961518529327,-0.5879033062286922,0.8363038838338186,0.4117647058823529,0.016709275563838277,0.05369294878749287,0.013214415322578252,0.22323313526865068,0.25934104948981795,11.124468085964438
ALGO,419,0,94.24,0.010238997301094344,-0.002478483786991677,0.010197829714745569,-0.2430403190011998,-0.21762586135485376,0.508125155828,1.010003467610346,0.9888909784809141,-0.14870902721950063,-0.002443294112593253,-0.05932546608481489,-0.1835037255241726,BLBT,0.6105047459109126,EELT,0.1756917430339749,0.009361047824092956,0.010238997301094344,0.02270978239540432,-0.1829370434455113,0.7042676250435966,0.6862745098039216,0.02951995098843052,0.06426574161840937,0.01956865241869004,0.21961350195465618,0.25561733297277167,11.351224337912972
ALGO,420,0,93.59,-0.006921179734111327,-0.0026577287921676646,0.010179504620199864,-0.26108626021876913,-0.16978845566404258,0.5176504810717701,1.0107241618859721,0.9893329174602296,-0.15946372753005988,-0.0044029132601576815,-0.06624664581892618,-0.1891353318315716,BLBT,0.6356030984347545,EELT,0.18150722487990076,-0.007341801104515603,-0.008007669099987513,0.022701090724485336,-0.012648281094088868,0.9152437824696977,0.35294117647058826,0.02672255152277625,0.07325416235202353,0.018221154043827206,0.219606449346311,0.25562014878940625,11.343613751839074
ALGO,421,0,92.96,-0.006754247065564378,-0.0025855620403835524,0.010133999852591277,-0.2551373670804249,-0.18526462390361573,0.5809718684331466,1.0109574008895796,0.9892195208353938,-0.15513372242301315,-0.003806607315636812,-0.07300089288449028,-0.19459365794489691,BLBT,0.6331501329091379,EELT,0.15191417317354455,-0.007187832961219348,-0.007061913756461369,0.017486639383152102,0.3826211353656071,1.784047247753354,0.29411764705882354,0.016674692517230527,0.057636750902032796,0.014033821264421294,0.21957385942587226,0.25625213127314905,11.323809751965953
ALGO,422,0,93.86,0.009635017262670686,-0.002614270311819311,0.01009620081209612,-0.25893604539711507,-0.1936169722766092,0.6069052423652366,1.0076787652503014,0.9893657875379469,-0.15685621870915867,-0.0024428055369254964,-0.06336587562181978,-0.1867960492115751,BLBT,0.6239039511323423,EELT,0.18692038865865393,0.010075201838986091,0.009437903457100827,0.020292391470665427,0.19093752316216298,-0.37570079745808505,0.6666666666666666,0.026826098693498723,0.06531100500973075,0.017896642920736887,0.2157088344958913,0.24912084622489267,11.80726626440647
ALGO,423,0,94.25,0.004146515961848785,-0.002397270089664172,0.01009931021421281,-0.23736968553461027,-0.2506972191850877,0.6232613341171143,1.008885881184784,0.989227416766911,-0.1438362053798503,-0.005968088536194821,-0.059219359659971216,-0.18341708542713564,BLBT,0.622809618776823,EELT,0.18419546336286144,0.006229169308885718,0.006926434617868793,0.02360320137799832,0.378743518002485,0.21880766193511025,0.6274509803921569,0.027643792189025795,0.07230745519900128,0.018939834048876922,0.2142004038169102,0.24812406700713738,11.836494566093313
ALGO,424,0,94.04,-0.0022306026562510795,-0.0021875972760030836,0.009966943648602202,-0.21948526580762595,-0.2922392851740531,0.8064352014545508,1.0085208117914513,0.9892294119700482,-0.13125583656018502,-0.00418504301445749,-0.061449962316222594,-0.1852365274649107,RCRI,0.6282794419589666,EELT,0.18978819853072376,-0.0021484456926571375,0.0013212950612002672,0.01944321616317149,0.08811699408536672,0.49350574041879547,0.5098039215686274,0.02555381777402932,0.05828086103258423,0.015272256214380227,0.21174270768449702,0.24594299985368664,11.940381057134628
ALGO,425,0,94.57,0.0056200773555517,-0.001994156627893743,0.010004526087757796,-0.19932544634312324,-0.33967822920112084,0.7793892472207444,1.0095612860512377,0.9892725744798889,-0.11964939767362459,-0.0032681238041039062,-0.05582988496067059,-0.18064460232195467,RCRI,0.6216891661455599,EELT,0.18115200904781759,0.005010514094002969,0.004591951295696894,0.02025547181101023,0.2102550614474354,-0.5815277360923914,0.6078431372549019,0.02964240317351119,0.0682619531714046,0.01697040319145601,0.21137711508684984,0.24531913569332806,11.993711493514073
ALGO,426,0,94.64,0.000739918642710613,-0.001939553245580979,0.010010455860538933,-0.19375273939588195,-0.3556432922678175,0.7782770280178175,1.0198509713795267,0.9890367164831053,-0.11637319473485874,-0.004953490539343158,-0.05508996631796001,-0.18003812164269628,RCRI,0.6271013631187585,EELT,0.18035090754671051,0.0025460634298449867,0.002182612725317945,0.018193745619745537,-0.13803388135772407,-0.7459449543802834,0.5490196078431373,0.028232301585939146,0.05650724808413954,0.0152072097422614,0.21206716065735237,0.24612655944606643,11.947977097636093
ALGO,427,0,93.44,-0.012760700590214391,-0.0020326665425867735,0.010085669457002788,-0.2015400714104735,-0.33829820810974653,0.6717101213818308,1.0166915015121847,0.9892613043948303,-0.1219599925552064,-0.0037425297835150945,-0.06785066690817443,-0.19043493328712535,RCRI,0.6344255262258026,EELT,0.19129983689202354,-0.013045222456457202,-0.012760700590214391,0.02155766960570793,0.30032217641734416,0.756459114186852,0.23529411764705882,0.026462900215372454,0.0760391330851029,0.019956446204461274,0.21420369688314606,0.24866713999817777,11.814914891562237
ALGO,428,0,91.71,-0.018688094509064612,-0.0025122245576539343,0.01018330346297188,-0.24670035286572617,-0.28866147108327567,0.5506266898890249,1.0078451755409266,0.9898624391320499,-0.15073347345923604,-0.004644927118783143,-0.08653876141723864,-0.20542367007451057,RCRI,0.6235607810031942,EELT,0.23480032963103714,-0.02011683837082465,-0.018688094509064612,0.01852156308498862,0.02746934817765285,0.014455077995895405,0.13725490196078433,0.02106491844803604,0.05995749849729726,0.023107142548979373,0.22108090729515104,0.25426828608535845,11.478275385707335
ALGO,429,0,91.38,-0.003604788435726647,-0.0024923982189068846,0.010179942412978458,-0.24483421593125262,-0.29481586178359426,0.5579157892799564,1.0017062122427125,0.9892125681555904,-0.14954389313441308,-0.002177990444831357,-0.09014354985296598,-0.2082827932767285,RCRI,0.6280648500507352,EELT,0.23539033154621192,-0.006431953049799686,-0.004733736650198939,0.024719372675375287,-0.2751941764773034,1.8542143118483576,0.3333333333333333,0.02230322869162471,0.07147000390100766,0.018390044965256352,0.21996290644887634,0.2539956793882423,11.491539982620939
ALGO,430,0,91.54,0.0017493990903707513,-0.002403453593030121,0.010193518909082332,-0.2357825216656699,-0.31943447133219083,0.5501403205702489,1.0023536399369415,0.9888984783897478,-0.14420721558180727,-0.0006563754357072071,-0.08839415076259523,-0.2068965517241379,RCRI,0.6297000038601881,EELT,0.2406035078732513,-0.0002915922138138072,-0.004860020131274734,0.026401654650297972,0.945046251476561,1.3582632117265483,0.43137254901960786,0.02822805942941886,0.0854718706700115,0.019424277573071358,0.2196005855821072,0.254112660401568,11.447584199218484
ALGO,431,0,90.72,-0.008998195246054053,-0.0024411363942540287,0.010213969879831187,-0.23899976433985481,-0.3094498264746132,0.5181996420798178,0.9987411464370207,0.9894068707030361,-0.14646818365524172,-0.002032153988001134,-0.09739234600864942,-0.21400103968116446,RCRI,0.6313618357470538,EELT,0.22390162836835564,-0.010446004904930039,-0.008998195246054053,0.02317730531716295,-0.11361342844229606,0.18347234506744403,0.3137254901960784,0.03093940295459152,0.07445042830473336,0.019954698424218778,0.21861148479943665,0.25374524639292684,11.476857058343784
ALGO,432,0,91.01,0.0031915506098219026,-0.0024244014889394836,0.010222501062898617,-0.2371632415611643,-0.3124506352560072,0.5090532164371209,0.999522726104392,0.9896079259373675,-0.145464089336369,-0.002932754287468725,-0.09420079539882702,-0.21148847686709404,RCRI,0.6297665713870997,EELT,0.22472958215854924,0.0024607059510146634,0.0004818116209803769,0.019111079652991008,0.5544403416407143,-0.04679789471375262,0.5098039215686274,0.02301899517689132,0.05994075669934751,0.014737580974234773,0.21993373691490795,0.25475623264081304,11.438027238358648
ALGO,433,0,91.38,0.004057245545861399,-0.0024656774763197093,0.01019066723004747,-0.24195446879568294,-0.31021664516001424,0.541477831777641,0.9735618828828443,0.9894057647765006,-0.14794064857918254,0.002478756428556217,-0.09014354985296598,-0.2082827932767285,RCRI,0.6189481962622531,EELT,0.22687567057260394,0.0012994681365945786,0.0007104796035983796,0.021612100092908915,0.7831567191715209,1.024393388236592,0.5490196078431373,0.021107814722337137,0.07732101073335085,0.015243678430846707,0.2154522169079483,0.25052614280658986,11.669242200446435
ALGO,434,0,91.08,-0.0032883949395872136,-0.0025895557722122636,0.010154064471069103,-0.2550265245597376,-0.2805659764818262,0.5761115454535894,0.962523275128007,0.9894349605666768,-0.1553733463327358,0.003788351863217576,-0.09343194479255257,-0.21088199618783576,RCRI,0.6135541250880377,EELT,0.2305580117931784,-0.0034440574674638098,-0.004159340502890352,0.02202478303936442,0.35949764031241693,0.24040572434478635,0.39215686274509803,0.029478554714541527,0.06316582097800638,0.01744409102914161,0.21312712024795455,0.2475601626289107,11.869669120205621
ALGO,435,0,91.12,0.0004390779433887104,-0.002484826770017238,0.010152327366337751,-0.24475439772127736,-0.31168219296641997,0.5916753588231369,0.9631169833000239,0.9897941224978085,-0.14908960620103429,0.005740753676730659,-0.09299286684916466,-0.21053543579968803,RCRI,0.6201000908360172,EELT,0.22154351096062858,0.0004888261553610072,0.0004390779433887104,0.018886226316794433,-0.330581498048596,0.7737760487963392,0.5294117647058824,0.022296070459540296,0.06261868421540062,0.01399527795034691,0.21358407093055207,0.24830758444074166,11.83919497693871
ALGO,436,0,91.57,0.0049263879807135424,-0.0021950085981418638,0.010110779392273422,-0.2170958847959112,-0.3807666656767068,0.6825862844312653,0.9687805961747817,0.9896602381263668,-0.13170051588851184,0.0051970257980739065,-0.08806647886845063,-0.20663663143302724,BLBT,0.6056505155520199,EELT,0.2326748330059373,0.005912137848702879,0.0049263879807135424,0.017285290707080306,0.05209189083873019,-0.1138356640135938,0.6470588235294118,0.020197123724057908,0.056864569747153926,0.014416484013792233,0.21422447579526135,0.2488635863592338,11.799272968898176
ALGO,437,0,91.51,-0.0006554511923537731,-0.0021131355144543415,0.010102890854959445,-0.20916147118594444,-0.40609551771798436,0.7080265167433311,0.964097628037517,0.9897022780194775,-0.12678813086726048,0.0060509849549415795,-0.08872193006080453,-0.20715647201524867,BLBT,0.6048375294106512,SMAH,0.23168194855530289,-0.0007969588518505913,-0.0025802304268323084,0.016764580793564455,0.1912784113148288,-0.44593356176271826,0.45098039215686275,0.023665528629601917,0.05026939950166742,0.013962668166491011,0.21472111932663648,0.24893852807853875,11.81183298185948
ALGO,438,0,90.8,-0.0077889703200391125,-0.002267000557925932,0.01011810328362898,-0.22405390559650867,-0.3609252401251203,0.6613647329205792,0.9697252003874938,0.9901990744302794,-0.1360200334755559,0.008557031857176434,-0.09651090038084385,-0.21330791890486922,RCRI,0.6101991643684471,SMAH,0.22436932365160261,-0.007993648552491925,-0.0050530678513913685,0.02112654483607944,-0.2857119984555925,0.10313379148430979,0.3333333333333333,0.027053326898538677,0.06439624708180958,0.017093623287360814,0.21432712656544192,0.24704016764197126,11.938545888989335
ALGO,439,0,92.27,0.016059775983216618,-0.0021158826341507748,0.010324352735879014,-0.20494094770684226,-0.2997308842966368,0.5566476657124078,0.974302099934565,0.9905913496950123,-0.1269529580490465,0.008451312888363816,-0.08045112439762694,-0.20057182464044365,MHRM,0.6104411903081394,SMAH,0.25051294764006254,0.015409723870168156,0.015851332492820447,0.017358608545235008,-0.14400685824030546,-0.11354519263787122,0.8235294117647058,0.023214845045979038,0.055032737476602644,0.01921206005593252,0.2207276301245,0.2523559241691467,11.639492634125597
ALGO,440,0,92.76,0.005296450796866914,-0.002051455455934385,0.01035886408305346,-0.1980386497483305,-0.31032716279683503,0.520047886135758,0.9809777014143128,0.9906644823880474,-0.12308732735606309,0.008321423927778293,-0.07515467360076036,-0.19632645988563502,MHRM,0.6069316794582691,SMAH,0.26428975598627025,0.004601260483875431,0.0,0.020408455116916035,0.7828385232234802,1.4919998272898063,0.49019607843137253,0.023835156272413394,0.05801046611351568,0.015563891982636139,0.22114707054521895,0.25232186325516937,11.644183951173178
ALGO,441,0,92.75,-0.00010781089978717517,-0.0020580176128503604,0.010357482919916172,-0.19869862482640877,-0.3085707247288695,0.52114562620703,0.9747158685335121,0.9910653780405475,-0.12348105677102161,0.005431740138234775,-0.07526248450054686,-0.19641309998267198,MHRM,0.6179570674468703,SMAH,0.25625260622343127,0.000351034081552542,-0.00010781089978717517,0.021286085250511993,-0.23337035427561803,0.4605968011157775,0.49019607843137253,0.023552911473860294,0.07153842183195191,0.016425956477059755,0.22247080090416668,0.253660318960454,11.583741902870255
ALGO,442,0,91.76,-0.010731228666428727,-0.0019791879567524705,0.010271386357551928,-0.19268946643188956,-0.31181315812863014,0.6110796295238652,0.9858756022381371,0.9910454531930075,-0.11875127740514824,0.0033867437780483733,-0.08599371316697603,-0.20499046958932587,MHRM,0.6217906073822446,SMAH,0.2579206967086096,-0.010256621066161365,-0.007711689516966214,0.018866866355967075,-0.3409708513183251,-0.2267459073807645,0.29411764705882354,0.02653177199720891,0.06312322160137862,0.016938362190893213,0.21917378069451032,0.2504192448270777,11.81474311008899
ALGO,443,0,91.97,0.002285964093490911,-0.0017284405930029076,0.01018706278305367,-0.16967016202925478,-0.373963474475698,0.7498876003042896,0.9838606364728938,0.9909044844057219,-0.10370643558017445,0.0014836951455190761,-0.08370774907348517,-0.20317102755155092,MHRM,0.6389263500181507,SMAH,0.2404867323873968,0.0031568345954896093,0.0016377581268116614,0.02096548190524251,0.2564400490388876,0.8712238839917767,0.5294117647058824,0.027745103592874187,0.06122238565742388,0.016248944084600557,0.2142082962492563,0.24577995050330312,12.111225294105036
ALGO,444,0,92.8,0.00898420287754842,-0.0015738021578378595,0.010279209941555581,-0.15310536186983373,-0.3908887435646267,0.6574011580183288,0.9683544954883844,0.9911623633072307,-0.09442812947027157,0.0018454121333240509,-0.07472354619593655,-0.1959798994974875,MHRM,0.6442167961197304,SMAH,0.24456360852709744,0.010286096406379197,0.012138244744039461,0.01767791372902813,-0.14399313717596135,-0.20408930180446472,0.7058823529411765,0.024148008068346716,0.05361965260612478,0.017071628051382348,0.218399749150352,0.25004007384354254,11.866273665756816
ALGO,445,0,91.77,-0.01116119296123319,-0.001640100328514027,0.010328711918099642,-0.15879040305500025,-0.37658876388944956,0.5864424700769075,0.9606090460115603,0.9909363105300346,-0.09840601971084162,0.004790092530280607,-0.08588473915716963,-0.20490382949228902,MHRM,0.6443153334247413,SMAH,0.256541001954618,-0.013415541289955915,-0.016546948127726058,0.017469154278246118,0.9351420307509153,2.058865857063741,0.17647058823529413,0.018419420170237233,0.05435012640921011,0.018178072987786318,0.22375965061822314,0.2563672759187652,11.502800834882134
ALGO,446,0,92.1,0.003589496430339345,-0.0015753368724899927,0.010349442265607937,-0.15221466355969432,-0.3915271699406054,0.5679707938793612,0.9577817267540931,0.9919727778988103,-0.09452021234939956,0.0078174977181944,-0.08229524272683028,-0.2020447062900711,MHRM,0.6471382322163324,SMAH,0.2606284496857385,0.00407878815918542,0.003494840729494353,0.01615854344278452,0.5122715213517843,0.4230765903252265,0.6078431372549019,0.025509980315761238,0.0448567957944106,0.013070088914040172,0.22482391059147264,0.25625229412255657,11.528738724116993
ALGO,447,0,92.22,0.0013020835172987688,-0.0016291990504081106,0.010325491009503944,-0.15778417209491916,-0.3813210376115777,0.5917883060991618,0.9433179777912641,0.9919116987985745,-0.09775194302448664,0.007465702723991913,-0.08099315920953186,-0.20100502512562812,MHRM,0.6430860117548555,SMAH,0.2569651827915763,0.0017817852282564755,0.002763705121617832,0.019059920372888502,0.11190749523045221,0.3987932793407287,0.5686274509803921,0.027552326837295915,0.05619029531055042,0.015380029914013185,0.22415987428585055,0.25619676984330525,11.55503632092894
ALGO,448,0,91.88,-0.003693648957661999,-0.0016184888027625187,0.01032296845188772,-0.15678521253899136,-0.3846445738096139,0.5970981294902655,0.942222112194531,0.9917945554155961,-0.09710932816575113,0.006261466325925641,-0.08468680816719391,-0.20395078842488312,MHRM,0.6437963751906699,SMAH,0.2646590022886562,-0.00262609814274785,-0.002426764928188163,0.020280383208051336,-0.958690913411839,1.456229599995412,0.43137254901960786,0.02221848448763053,0.06986283343563326,0.014935460765224876,0.2253346748297401,0.25691241089371303,11.5290609963064
ALGO,449,0,92.98,0.011901038441541445,-0.001171377325125563,0.010317797305880559,-0.11352978648436371,-0.4427329185776166,0.6776773111368488,0.9491452029955212,0.9920080818607538,-0.07028263950753377,0.010642210016087311,-0.07278576972565261,-0.1944203777508231,MHRM,0.6335991644039666,SMAH,0.30137529546664954,0.009875223328790289,0.006346709126372918,0.02044047491787556,1.0849113248785682,1.2211571398299519,0.6470588235294118,0.021995667419234977,0.06842988918182868,0.015954963515932973,0.2271176764547378,0.2583614154063508,11.451189200256715
ALGO,450,0,92.27,-0.007665354671974711,-0.0014769614510670012,0.010232316231363706,-0.14434282694859207,-0.3928645337567961,0.7207368430390861,0.9512284361727127,0.9918677124130861,-0.08861768706402007,0.010665096014061654,-0.08045112439762694,-0.20057182464044365,MHRM,0.654185174423138,AMRP,0.28243688653629356,-0.007517036434032027,-0.0049126736357885115,0.020361275460356622,-0.5568539253195506,0.106868714822971,0.45098039215686275,0.027855105643879607,0.061146078147165994,0.01651543079441499,0.22365084029930818,0.2548323527775079,11.663389838251549
ALGO,451,0,91.81,-0.004997837434856045,-0.0013991305951035927,0.010186616782418874,-0.13734988023878136,-0.41349725214878197,0.7963855653413727,0.9508901937662673,0.9917919704473891,-0.08394783570621556,0.010709104544501538,-0.08544896183248271,-0.2045572691041414,MHRM,0.6504810567823052,SMAH,0.3134093276328454,-0.00542503332594784,-0.0057202444068717995,0.019447107830934663,0.09973522464662904,1.6834708456234324,0.3333333333333333,0.018783190661681548,0.05890367482338843,0.014989753646533752,0.22226192595895308,0.2529003058898409,11.791136464691489
ALGO,452,0,93.13,0.014275142377957906,-0.0012511039028311485,0.010350215146154104,-0.12087709145795189,-0.38264659289548797,0.6694629791189382,0.9759104466044585,0.9910663504020383,-0.0750662341698689,0.013443269755399709,-0.07117381945452501,-0.19312077629526947,MHRM,0.6401550875252552,HRND,0.2819185657648147,0.010502919203592304,0.00606062461169099,0.024936202362162863,0.6910322448382777,1.505585338487907,0.5882352941176471,0.03078790818343391,0.06496945403447052,0.0200627550898467,0.22451255980065823,0.25461243586025806,11.65032979418448
ALGO,453,0,92.49,-0.006895835967397623,-0.0010086082695722235,0.010034692695312736,-0.10051212331029832,-0.35511321917271876,0.9010981070220754,0.9895272365377975,0.9903350267546474,-0.06051649617433341,0.011197778398535696,-0.07806965542192275,-0.19866574250563163,BENI,0.6255840625433721,HRND,0.2549481598664879,-0.005553292841897143,-0.002121855903705061,0.020616559305504396,-0.3700572943745274,0.325343810877206,0.47058823529411764,0.027281109128862502,0.058931999139219426,0.016361538952032358,0.2114265360560169,0.24217314578997484,12.437380228444265
ALGO,454,0,92.69,0.0021600613215726483,-0.0008671108939502996,0.010018231420501527,-0.08655329045162852,-0.3975204653171066,0.9492512742263504,0.9898834009159572,0.9902749844766165,-0.05202665363701797,0.012628466177324993,-0.07590959410035013,-0.1969329405648934,BENI,0.6243770712935944,HRND,0.25263013948641433,0.001133001661062937,-0.0014795090729577964,0.01957223670750871,0.8830137817997226,1.2984214437406774,0.47058823529411764,0.021537339823465396,0.06517118871452876,0.01452600664481236,0.21102532663651194,0.24206628721184115,12.443358976097787
ALGO,455,0,91.41,-0.013905710222013923,-0.0010715391181879733,0.010158433852586243,-0.10548270862788259,-0.3558925182660132,0.7446900800404683,0.9850942464601135,0.9904580750482601,-0.0642923470912784,0.013440593030266151,-0.08981530432236409,-0.20802287298561783,BENI,0.6360265633451728,HRND,0.2328956400277039,-0.015130254949372956,-0.013905710222013923,0.023197063188581325,-0.2670280459915291,0.7799860720882021,0.2549019607843137,0.027653656331162013,0.07279099747929929,0.021770861189323566,0.21664880618264956,0.2482529452807092,12.05819902792391
ALGO,456,0,91.16,-0.0027386772882440624,-0.0007437241308843046,0.009768106194800837,-0.07613800628827709,-0.3218435718181649,1.0186777177370283,0.9894396730479005,0.9895787092892657,-0.04462344785305827,0.010559837427179884,-0.09255398161060789,-0.21018887541154052,CUBO,0.6281356331462299,HRND,0.25222533292479704,-0.001280036456634265,-0.0009033424281859048,0.02528182096712284,-0.467032859640047,3.216559067700313,0.47058823529411764,0.02708048219769532,0.0749105109728001,0.0177444735096094,0.19915091685348332,0.23128081560808125,13.191257146100789
ALGO,457,0,89.84,-0.014585893947295148,-0.0010931408066611414,0.009883287936884052,-0.11060497413837167,-0.25568865128727486,0.8474523456961012,0.9704664087270649,0.9891285884020448,-0.06558844839966849,0.013180080749168835,-0.10713987555790352,-0.22162536822041234,CUBO,0.6392295620377154,HRND,0.2640527896393557,-0.017578064985114283,-0.016659745241175195,0.021638416970460633,0.4464261359848551,0.8175939921284905,0.1568627450980392,0.024646138450697297,0.06680401020163074,0.023190933329080458,0.20658093670363853,0.23870334493737008,12.670479331609872
ALGO,458,0,89.29,-0.0061408109010629985,-0.0011746260688942764,0.00990474880898573,-0.11859221183162552,-0.23081852024669247,0.8055305911881794,0.9731971199056401,0.9892074077349094,-0.07047756413365658,0.012954119263980823,-0.11328068645896629,-0.2263905735574423,CUBO,0.6395927082615563,HRND,0.2677358464618657,-0.007005449342262054,-0.009991267363570255,0.019334448857450046,0.5851719252099682,0.8608409629221865,0.29411764705882354,0.026283821710904487,0.05538560463266662,0.01655090837409814,0.20796716305422616,0.24012665098837466,12.5698831247757
ALGO,459,0,88.67,-0.006967886137209334,-0.0014086293773396096,0.009872409168724004,-0.14268344770415073,-0.17328367353568858,0.8295047895512724,0.9831376701000517,0.9891164014571041,-0.08451776264037658,0.01088358333610781,-0.12024857259617568,-0.23176225957373076,CUBO,0.634803218663019,HRND,0.25997872586068654,-0.0060729491638520285,-0.006337579584525521,0.01716426893377845,0.4929629223577777,0.37289735025998416,0.3137254901960784,0.02026874692040659,0.051114808393926126,0.014341716577869057,0.2078494279111229,0.24014356610802626,12.55495308233179
ALGO,460,0,88.81,0.0015776428784972651,-0.0015182360324573984,0.00980068799238689,-0.15491116885230446,-0.15819766479384445,0.9222887406261195,0.98278881703948,0.9888948048162716,-0.09109416194744391,0.011844477120713598,-0.11867092971767863,-0.23054929821521397,BENI,0.6249043747249199,HRND,0.24551015185576153,0.0005641142716772494,0.0023691079548040506,0.018488343226591937,-0.43941983318200195,0.5915671730843615,0.5686274509803921,0.019980468811537033,0.05372435320534352,0.01395302956987707,0.20494259325578906,0.2361027981765423,12.8128374637519
ALGO,461,0,89.12,0.0034845199085609124,-0.0013794419758834367,0.00981176437194359,-0.1405906138378032,-0.19855947071546814,0.915606539038555,0.9825560996411283,0.9889334916715443,-0.08276651855300621,0.011860531369014007,-0.11518640980911748,-0.22786345520706985,CUBO,0.6272981518677071,HRND,0.2571293414665873,0.004735576828037299,0.00579711768432567,0.016133897122109962,-0.5699264352897134,0.825299705860215,0.6470588235294118,0.020838404311918746,0.04694418692522051,0.013444440496444538,0.20851213141962613,0.24048643521268945,12.486173764692827
ALGO,462,0,89.94,0.009159005163587253,-0.0011854225439377568,0.009904250715893445,-0.11968826092371612,-0.23270546599525052,0.8065505348006683,0.9806104586331823,0.9891670374445584,-0.0711253526362654,0.012179278134208785,-0.10602740464553005,-0.2207589672500434,CUBO,0.6388991095228456,ALUT,0.2592149263288988,0.009227178802422128,0.013712261863982,0.026049128064142404,-1.7418201891843301,6.367742292017494,0.7647058823529411,0.021393830307449457,0.06336684562532358,0.02025309491992962,0.2115456990299611,0.24432819481858137,12.212177109147033
ALGO,463,0,88.37,-0.01761023581264798,-0.0019116299814784022,0.009467781792457405,-0.2019089606608086,-0.5327746633931884,0.27739416641250747,0.9842412920616657,0.9897222995872198,-0.11469779888870413,0.007948576589567047,-0.12363764045817827,-0.2343614624848379,BENI,0.6464032563005752,RTTH,0.2427010769789548,-0.017344400151868885,-0.016275223618988477,0.019753707043719197,-0.4502712470037132,0.4808936007437521,0.17647058823529413,0.019536800187699654,0.07160364128811758,0.020805043474530428,0.20305722368264684,0.23821226742832613,12.58523590441835
ALGO,464,0,88.68,0.0035018392181971336,-0.001575170893350138,0.009290905589354722,-0.16953900545011757,-0.6022536429255674,0.5134639022529317,0.9856635484048498,0.9901625071820023,-0.09451025360100829,0.011564750569783011,-0.12013580123998062,-0.2316756194766938,AENO,0.6397673540254846,ANSO,0.21593406656961542,0.002483554769900759,0.0016345596167051113,0.02045882797538716,0.6067728554495259,0.7852151641203164,0.5294117647058824,0.02244709795484523,0.06370720462012369,0.01540435282689172,0.19917116782805566,0.23454563646635546,12.841641021362761
ALGO,465,0,90.26,0.017660009650744435,-0.001265440939261664,0.009617028140665049,-0.131583366581909,-0.5027369425441305,0.4028269991745046,1.0127008021486719,0.9889752736837334,-0.07592645635569983,0.016930126340467075,-0.10247579158923616,-0.2179864841448622,CUBO,0.644317654516692,RTTH,0.2177949220586757,0.013148217105384623,0.011338128166385353,0.025024270710894914,0.9253146434443225,2.0562288884680235,0.6862745098039216,0.03019781855693049,0.07543805425938599,0.0205200094515995,0.2051077626307394,0.2391487100582246,12.535584161319264
ALGO,466,0,90.08,-0.0019962300074745087,-0.0014044885713198655,0.009565277061921621,-0.14683198011179302,-0.4746683514084775,0.44206669852589053,1.0157323671270666,0.9893522053508963,-0.08426931427919193,0.020913254116170274,-0.10447202159671119,-0.21954600589152662,CUBO,0.6431788268095194,ALUT,0.20165906191019034,-0.003555855629646295,-0.005003584420474549,0.01846025865046419,-0.10901239846637192,2.1520570447591423,0.37254901960784315,0.0178681457115486,0.05836989449289587,0.013567407518765999,0.20187466067016394,0.23606981936681343,12.753099257238505
ALGO,467,0,90.1,0.00022200022291141153,-0.0010796879577238776,0.009274950621427315,-0.11640902488791097,-0.504057575253148,0.7238924261645168,1.015490515206647,0.9885126872573741,-0.06478127746343265,0.022642736633113905,-0.10425002137379924,-0.2193727256974528,BENI,0.6461682291771806,RTTH,0.19875193509131575,-0.0015170010739444708,-0.0022656480946210422,0.019700659315945057,0.25173867728556815,0.4328315664202913,0.43137254901960786,0.021213461108769094,0.06205369737354838,0.014964638455761757,0.19247663646193136,0.22748048198508655,13.379828547838027
ALGO,468,0,88.29,-0.020293313700801008,-0.0014905692993505415,0.009571237231238046,-0.15573423407432724,-0.47042733034709483,0.46905231648619194,1.0262279808561194,0.9892674589733187,-0.08943415796103249,0.02296583222466811,-0.12454333507460025,-0.23505458326113315,CUBO,0.6588212738061892,RTTH,0.21280632640282945,-0.01889652624488527,-0.019983136471395824,0.020994323604172426,-0.17123182947295912,-0.09400052076349175,0.21568627450980393,0.025198406044520727,0.06463934031381291,0.023138636092628607,0.19829591628912888,0.23174746318903852,13.113405934660255
ALGO,469,0,89.0,0.008009518818648864,-0.0012236254197053912,0.00960968537193167,-0.12733251634641468,-0.528627365229339,0.48302844792223976,1.0338770917220617,0.9889510550367799,-0.07341752518232347,0.025120412262657932,-0.11653381625595151,-0.22890313637151272,CUBO,0.6701691049611233,RTTH,0.23264433872095652,0.005534253986442634,0.0072657137264164895,0.01985385206113585,-0.33215505834218195,0.43588413872985443,0.6274509803921569,0.023886889162534786,0.06765471370344422,0.01616158128435304,0.19861959553385583,0.23200719928173558,13.095256532771339
ALGO,470,0,88.01,-0.011185925346419268,-0.0015693826345587988,0.009588318903312935,-0.16367651622606638,-0.46481402189823684,0.4270615925182475,1.0415993748586567,0.9884832460748029,-0.09416295807352792,0.024040804612180652,-0.1277197416023709,-0.2374805059781666,CUBO,0.6618012325200252,ANSO,0.23000811731948542,-0.008833819732437001,-0.007509422022131673,0.023019635314413783,-1.1396498505783015,2.34928812315576,0.35294117647058826,0.02232687634291297,0.06763502713483827,0.017960404645872525,0.1927985216708947,0.22457604108184406,13.632395824715411
ALGO,471,0,88.47,0.005213067109574254,-0.0011956592906523956,0.009403567512367603,-0.12714954075459772,-0.5288958150444667,0.6582260697768691,1.0465865148261133,0.985416029475343,-0.07173955743914373,0.03004385362891554,-0.12250667449279676,-0.23349506151446897,CUBO,0.645913310369618,RTTH,0.23294249327330466,-0.00047068700292044835,-0.008311941778950782,0.031470844691304976,2.0163107669364906,6.612716359914504,0.39215686274509803,0.028390811490179857,0.08314103401058004,0.021973744448354635,0.18538320020915325,0.2189329160812542,14.025393891692808
ALGO,472,0,88.85,0.004286043105365955,-0.001258697947571926,0.0093529532762942,-0.13457759387745424,-0.5301195924446166,0.71008069855898,1.0359326395301949,0.9853478755501669,-0.07552187685431555,0.03022870314701495,-0.11822063138743108,-0.23020273782706646,CUBO,0.6500867239205523,RTTH,0.21999735279067792,0.005747620928984681,0.004405067820848707,0.020310244695608288,0.08776167667155575,-0.502739201449709,0.5882352941176471,0.03200217892555357,0.0645742832960321,0.017038910029490578,0.1811824021270585,0.21539065185186448,14.274111204032122
ALGO,473,0,88.81,-0.00045029833024745614,-0.0012714202203540025,0.009351298114263289,-0.13596189585858018,-0.5262508690242258,0.7097295551540359,1.0387136341782066,0.9852844636867178,-0.07628521322124016,0.02978737746896419,-0.11867092971767863,-0.23054929821521397,CUBO,0.6489660598100151,RTTH,0.2192094581624626,-7.212259628723763e-05,0.0007616146598157236,0.018617724897774007,0.1580953418061591,2.867779008674832,0.5098039215686274,0.02134859900222552,0.05316302287417107,0.01330438748534155,0.18115407159068164,0.21550985286966334,14.281675054070947
ALGO,474,0,87.49,-0.014974755152239894,-0.0017180563214546306,0.009355228363537938,-0.1836466470610986,-0.4804982626466271,0.6042389931458887,1.060846232749563,0.9852016764402524,-0.10308337928727784,0.025909280525549583,-0.13364568486991832,-0.24198579102408602,CUBO,0.6499270198296905,RTTH,0.1742653158448582,-0.013367972056113042,-0.013941244562083455,0.02418724873126782,-0.3908159969908833,-0.26673239372184954,0.29411764705882354,0.03316559441660538,0.07589432276079244,0.021780664207593253,0.1801762358515246,0.2149165610626897,14.301980047461411
ALGO,475,0,86.28,-0.013926679597217273,-0.0018415559370952442,0.009467881398705887,-0.19450559840630835,-0.4583767924106924,0.45222755204913856,1.0819957622923764,0.9849500664383217,-0.11049335622571466,0.02391596240469024,-0.14757236446713573,-0.25246924276555194,CUBO,0.6533379119987023,RTTH,0.17854070960290164,-0.011631949677102599,-0.010650635336182823,0.01991759109034613,-0.22535152147698456,0.8557219595215777,0.2549019607843137,0.02362823183565288,0.06029147120713363,0.017364640980437523,0.18212809778797276,0.2170768722928007,14.098129378561891
ALGO,476,0,85.92,-0.004181190760401243,-0.0019751160238983562,0.009442973861858123,-0.20916250037249456,-0.4221861885083678,0.46121192159178337,1.0844646521356738,0.9847214924160965,-0.11850696143390138,0.024575237587700777,-0.15175355522753686,-0.25558828625888064,CUBO,0.6349773563902091,RTTH,0.17613989527046947,-0.005916969180214124,-0.005863399970409411,0.02229406076153262,-0.4856017396944423,0.7531992769195708,0.43137254901960786,0.02807014703692734,0.06643052646994785,0.018121931379131217,0.18063053020510134,0.21548805433442608,14.235436868755416
ALGO,477,0,86.82,0.010420379110892775,-0.001288797435678853,0.008789347446836104,-0.1466317543451739,-0.10140974096707135,-0.42635282367886695,1.0717216132315006,0.9821610945310516,-0.07732784614073118,0.0229907745751618,-0.1413331761166439,-0.24779067752555894,CUBO,0.6718554261660271,AGVF,0.1408042916448988,0.011302178652378652,0.008913969415754508,0.02453524739921169,0.6910074972021744,0.30448152241987936,0.6666666666666666,0.02853579566244613,0.08318020865695619,0.0200773792235632,0.15833014695073716,0.1988368217768238,15.469266218535523
ALGO,478,0,86.06,-0.008792282460993839,-0.001342683253195472,0.008825807094454484,-0.15213149787050295,-0.08999828485198158,-0.46505023701406945,1.0737452146066682,0.9822914878312755,-0.08056099519172832,0.022870943014032197,-0.15012545857763776,-0.25437532490036385,CUBO,0.6861896359089372,ALUT,0.1411907650615103,-0.008022398187405858,-0.008792282460993839,0.019663312400130348,0.4078501832317981,0.049560600067210636,0.3137254901960784,0.023496802998258737,0.06030210010147996,0.016974209815646173,0.158780736637139,0.19920573523347776,15.411463325341503
ALGO,479,0,85.84,-0.002559629088010773,-0.0015559936930138907,0.008694838653410843,-0.1789560169013027,-0.05946063003775317,-0.3683501206772477,1.070259350483555,0.9817302983919259,-0.09335962158083344,0.02288917577658063,-0.15268508766564828,-0.2562814070351759,CUBO,0.6945474185410566,ALUT,0.09035665323748966,-0.0034558113275605976,-0.004040409537005019,0.02326256798418546,-0.41055545332681564,1.5915095446194094,0.43137254901960786,0.022225239265283747,0.0766773745378726,0.017165407212084306,0.1533862780888496,0.19525364468101092,15.74707071256908
ALGO,480,0,86.86,0.011812528784233223,-0.0012437652177081481,0.008834155507243577,-0.14079050529372292,-0.10173544482155286,-0.43731322337157685,1.0783830809894064,0.9815872336445144,-0.07462591306248889,0.02559039730975772,-0.1408725588814155,-0.2474441171374112,CUBO,0.6698216770802208,ALUT,0.08179149631704341,0.008690685880651841,0.006176036100564719,0.023680622390236796,0.9124766260164445,2.467451961285299,0.6078431372549019,0.023481679115166854,0.0817532380306576,0.017404146045911326,0.15541781214784234,0.19647876027867,15.654869919270514
ALGO,481,0,87.64,0.008939887620589282,-0.000982196306272254,0.008900325822690647,-0.11035509551439403,-0.16029072635321828,-0.47351755001692997,1.065208250921431,0.9815409302051264,-0.05893177837633523,0.02404136048569705,-0.13193267126082564,-0.24068618956853227,CUBO,0.6723809322307317,AGVF,0.08062943806797045,0.01005533854899499,0.009262624115252027,0.02335631586501339,0.43010540873641084,0.6338201046969609,0.6470588235294118,0.025729506686176462,0.07563281628644414,0.01943492261248078,0.15814638115400154,0.19870101911682014,15.49037615903826
ALGO,482,0,88.09,0.005121504394439036,-0.0010574215207427814,0.00882784749620121,-0.11978248618338841,-0.16253232005290413,-0.4256214734500401,1.0484939038291008,0.9813027761488334,-0.06344529124456688,0.024342904188305176,-0.12681116686638705,-0.23678738520187137,CUBO,0.6642358682216246,AGVF,0.05696590210491005,0.005260145268146321,0.005121504394439036,0.017511179283873784,-0.4569519442095821,0.5502640753827972,0.6470588235294118,0.02127779603285851,0.056043771431768974,0.013992609555132408,0.15658599505622456,0.1971046921325559,15.648275541454876
ALGO,483,0,88.38,0.003286680580889545,-0.0010717521104254353,0.00881995092933198,-0.12151452077371246,-0.1594332304348623,-0.4181163688681018,1.0482215296252966,0.9817687788024836,-0.06430512662552612,0.028538715742403395,-0.12352448628549756,-0.23427482238780117,CUBO,0.6617822819934128,AGVF,0.047370865824465695,0.0011735223738282624,-0.00030660739163979045,0.023562417572041146,0.018548040114162855,0.5788610355108981,0.49019607843137253,0.02457759140952953,0.08201488092815201,0.017862112452820107,0.15496133632028883,0.1951307465200973,15.785626958801826
ALGO,484,0,89.59,0.013598006906892834,-0.0008079419510397034,0.009019173245943785,-0.0895804891432883,-0.16441794955290068,-0.5061399220471312,1.0441616268867706,0.9826001979924078,-0.04847651706238221,0.0292202833708681,-0.1099264793786043,-0.22379137064633514,CUBO,0.6625693087961878,AGVF,0.07468922294457352,0.012998596242022082,0.013598006906892834,0.023938731793445033,0.17257269684325036,0.633188050757985,0.6862745098039216,0.03159550177974091,0.07737563689083515,0.021216230677932164,0.16005729552388537,0.19923072483162846,15.442487392147449
ALGO,485,0,88.38,-0.013598006906892834,-0.001128243355413779,0.009127620985434518,-0.12360760347238162,-0.10404184957947461,-0.5860629094372984,1.051589758172169,0.9830040142724382,-0.06769460132482674,0.028508021476475798,-0.12352448628549756,-0.23427482238780117,CUBO,0.6706005533638876,AGVF,0.06350153278134779,-0.013495308274049277,-0.01123416070358374,0.01942225893279815,-0.5131672838913962,-0.0896382638592148,0.27450980392156865,0.026216392057336613,0.05813628737720711,0.017824616173057053,0.16314958989912484,0.20264829852391744,15.15383239272436
ALGO,486,0,88.34,-0.00045269353421328873,-0.0011481202250291775,0.00912478191918076,-0.12582440163482372,-0.09752197428206977,-0.5838328060299554,1.0503053557655313,0.9830265547882353,-0.06888721350175064,0.03313916253560885,-0.12397717981971088,-0.23462138277594868,CUBO,0.6763156802164133,AGVF,0.06331308953188299,-0.003277689806211951,-0.004113005040576656,0.020830281339480235,0.7465320602364044,0.7881882744006639,0.3137254901960784,0.018738799689065555,0.06577951483818412,0.01620288925820948,0.16252838079530452,0.20247080634773693,15.141521614631767
ALGO,487,0,89.49,0.012933881026386373,-0.0007198771980858313,0.009173362570723707,-0.07847473514055583,-0.1419704136507332,-0.5680442644450152,1.0801221930677445,0.9828163534421643,-0.04319263188514988,0.035684318264317574,-0.11104329879332461,-0.2246577716167043,CUBO,0.678594477298379,AGVF,0.02853761300459573,0.010104203431434821,0.012933881026386373,0.020492871361782336,-0.4125708320163649,0.41372405919499533,0.6862745098039216,0.027888385352869083,0.059698051710583844,0.018600508969769,0.16340099933503568,0.20400041215298334,15.03898398354752
ALGO,488,0,89.77,0.0031239565738303554,-0.0003563430133709152,0.008876624290519598,-0.04014397835351624,-0.13701081827203804,-0.505351880628675,1.081468066764723,0.9818465557640731,-0.02138058080225491,0.0345567613441789,-0.10791934221949434,-0.22223184889967085,CUBO,0.6507350622227451,AGVF,-0.014306354847236219,0.0028227696322089936,0.001804356721010425,0.01572363382070757,0.8898238495184204,1.6077155501691536,0.5490196078431373,0.01926173959269506,0.045748922016239923,0.012062811764896082,0.15181100836294664,0.19434335286291135,15.78461604380674
ALGO,489,0,87.82,-0.021961578635026235,-0.000662289516692575,0.009296883642017048,-0.07123779776046385,-0.23639979018514967,-0.4470707741860327,1.0925177683872604,0.9834104522920831,-0.0397373710015545,0.028877859446578405,-0.12988092085452,-0.23912666782186798,CUBO,0.6484563604372823,AGVF,0.005301285234716427,-0.019109841351498773,-0.013956537218793752,0.027030949304050894,-1.0356955277696016,2.245632643644287,0.17647058823529413,0.028545665189443348,0.07519792163949379,0.024143861492729065,0.16090090106500646,0.20094654020620764,15.287759711899104
ALGO,490,0,87.62,-0.0022799827478188206,-0.0007294458806624012,0.009293720107319362,-0.07848804055201951,-0.21461423719896636,-0.4504298675227556,1.0924436077618596,0.9833676449793691,-0.04376675283974407,0.02565025963563483,-0.13216090360233887,-0.24085946976260608,CUBO,0.6417994705748863,AGVF,0.006730976894971373,-0.0010933742410598082,-0.0010881393891954971,0.020224896822463947,-0.57384299954756,0.7515484881136514,0.43137254901960786,0.026334839282576405,0.061719178765063054,0.015540449677655919,0.16160058214182735,0.201565187202539,15.196947035831613
ALGO,491,0,86.66,-0.011016866073989107,-0.0007630903944613188,0.009327753061611913,-0.08180859735682694,-0.21238689269655547,-0.47693211777181865,1.0974757442048682,0.9836972294240188,-0.045785423667679126,0.02373729957013765,-0.14317776967632811,-0.24917691907814943,CUBO,0.6154810157106752,AGVF,0.008109771400411324,-0.010551715667367907,-0.00807852056520142,0.022765696390733427,-0.4078654904861765,-0.31585617528400833,0.35294117647058826,0.03221112459142583,0.0715437337801379,0.019547192060162477,0.16249960859406207,0.20170534379061728,15.128769477229309
ALGO,492,0,87.02,0.0041455609807705684,-0.0007471902216121744,0.009335418392707535,-0.08003821469810611,-0.2159339345100363,-0.48334449479779984,1.1052256011319306,0.9836163760984737,-0.04483141329673046,0.024655353010754652,-0.13903220869555735,-0.24605787558482073,CUBO,0.6012074894373081,AGVF,0.007945499645854498,0.002496662881346325,0.002541620379512999,0.0182076188798106,0.06537914692838802,-0.5024269040512364,0.5882352941176471,0.02327100979913488,0.0606559200148713,0.014721167714738286,0.16297660691390392,0.20280533026569497,15.041176877635301
ALGO,493,0,86.41,-0.007034567439226258,-0.0009320537713636353,0.00934847961422606,-0.09970110754108949,-0.16136621151831518,-0.5119922597088409,1.0981317244609414,0.9831458983094707,-0.05592322628181812,0.02505938806721847,-0.14606677613478347,-0.2513429215040721,CUBO,0.6150680436778246,AGVF,0.039150438792449116,-0.010196379904956903,-0.011149731296802301,0.021533416813440436,0.4396417413439296,0.6928011819990778,0.2549019607843137,0.024574084620466508,0.06938442568689784,0.018949568623481478,0.16672086228536437,0.2060518679161886,14.742603926045744
ALGO,494,0,85.09,-0.015393889991841547,-0.001133812022234541,0.009529081424079612,-0.11898439857691244,-0.14766977509417265,-0.6239042835212318,1.100872307362618,0.9836903700166634,-0.06802872133407245,0.023708055198069622,-0.1614606661266254,-0.26277941431294405,CUBO,0.617707388658859,AGVF,0.05673466669864202,-0.014198219650569282,-0.014184634991956546,0.021924288806034444,-0.14281643499018756,0.1866773480133994,0.23529411764705882,0.03013806964659138,0.06234493241520611,0.02124523674784659,0.17122287696832922,0.20957980351740033,14.445385514285016
ALGO,495,0,84.85,-0.00282452818123069,-0.0011882054576448642,0.009529265532687058,-0.12469014044882161,-0.13012318658069746,-0.6274914208574796,1.0799924865414872,0.9823568660352756,-0.07129232745869185,0.020437945208309896,-0.16428519430785615,-0.2648587766418299,CUBO,0.6194493948904795,AGVF,0.05860634176208773,0.0004953300205013313,-0.00037299515538746775,0.02467053227599427,-0.5512079028043924,0.923285164794378,0.47058823529411764,0.029499607757521584,0.08181621458716481,0.01823583310994292,0.1705301388146139,0.20874176822367993,14.463446972684388
ALGO,496,0,85.6,0.008800291467460752,-0.0011236403995324106,0.009584361284836135,-0.11723685764122586,-0.13350516757500386,-0.6626217533645677,1.0514379215073193,0.9807548429704585,-0.06741842397194464,0.017648947756103775,-0.15548490284039498,-0.2583607693640617,CUBO,0.6155915373048392,AGVF,0.0792951819669378,0.01257503878765621,0.01299486685636797,0.018691058006768523,0.10228107255584515,-0.03452852422425856,0.7647058823529411,0.024293965093152403,0.06167624546507189,0.018263481681110666,0.1742594893609785,0.21220245743624996,14.21891331721118
ALGO,497,0,86.31,0.008260183083869777,-0.0009750464949286849,0.00966055322325612,-0.10093070990814772,-0.162043144494511,-0.7146411871222726,1.044353190943364,0.980789058071594,-0.05850278969572109,0.016431409246665404,-0.14722471975652515,-0.25220932247444117,SRTX,0.6112450592893932,AGVF,0.09163247386635992,0.0093362139338113,0.010262691945127411,0.015419809578835191,0.164000047526169,0.7425392172500769,0.7058823529411765,0.020266560364411212,0.04898061526860342,0.014150028425544322,0.17833040821602136,0.21632817490571185,13.922957608912396
ALGO,498,0,87.14,0.009570554457730474,-0.0006857210819658584,0.009712833216207223,-0.07059949107554289,-0.22341872187980702,-0.7227170870925681,1.0331807415442136,0.9807919379742476,-0.041143264917951505,0.015334969747551747,-0.13765416529879537,-0.24501819442037776,SRTX,0.6293387301961177,AGVF,0.09746610652117957,0.010462315724391335,0.010496422654921123,0.023152358408681968,-0.2576726667509417,0.35406399803436095,0.6862745098039216,0.025703742904394478,0.0772059255535531,0.019950266604228398,0.1804314047078633,0.21781377255516068,13.81885325673513
ALGO,499,0,87.12,-0.0002295420645914703,-0.0009572097160959933,0.009461234626401933,-0.1011717554731032,-0.24985342346926778,-0.6733608787581495,1.0274326415860398,0.9796987342216825,-0.05743258296575959,0.014264377673011946,-0.13788370736338623,-0.24519147461445157,SRTX,0.6108406760251494,AGVF,0.10685302331419658,0.0001909978968998528,-0.0015402390415011347,0.022009603997133843,-0.15015562718442685,0.3382838823878349,0.47058823529411764,0.023462005724292467,0.07360743717511808,0.016893789382987558,0.17210671532757305,0.2100906437056361,14.375360769622038
